,title,media,time,host
0,&#39;미운우리새끼&#39; 김희철 집을 찾은 정준하 임원희 모습이 그려졌다,경남데일리,2019.11.01.,
1,“썸바이벌” 녹화 전 대기실에서 내가...?,농기자재신문,2019.11.01.,
2,&quot;썸바이벌 1&quot; 모습에 더욱 기대가...?,말산업저널,2019.11.01.,
3,같다며 긴장한 기색을... 썸바이벌,업코리아,2019.11.01.,
4,최근 진행된 녹화에서 김희철은 내가 왕년에 나이트에서 ‘썸바이벌 1’,제주교통복지신문,2019.11.01.,
5,모습에 더욱 기대가... 썸바이벌 1,충청매일,2019.11.01.,
6,모습에 더욱 기대가 높아지는 상황? &quot;썸바이벌 1&quot;,인사이트코리아,2019.11.01.,
7,썸바이벌 1… 모습에 더욱 기대가 높아지는,광명지역신문,2019.11.01.,
8,녹화 전 대기실에서 내가 왕년에 나이트에서…? &quot;썸바이벌&quot;,당진신문,2019.11.01.,
9,`썸바이벌 1` 김희철은 매 녹화마다 나도 MC!,경상일보,2019.11.01.,
10,`썸바이벌 1` 김희철은 매 녹화마다 나도 MC!,경상일보,2019.11.01.,
11,`썸바이벌` 녹화 전 대기실에서 내가 왕년에 나이트에서...,블록체인밸리,2019.11.01.,
12,김희철은 매 녹화마다 나도 MC~ &quot;썸바이벌 1&quot;,인천일보,2019.11.01.,
13,`썸바이벌` 김희철은 매 녹화마다 나도???,폴리뉴스,2019.11.01.,
14,같다며 긴장한 기색을 드러냈다 썸바이벌,일간리더스경제,2019.11.01.,
15,같다며 긴장한...? 썸바이벌,경남데일리,2019.11.01.,
16,"&#39;썸바이벌 1+1&#39; 김희철 선택한 서혜빈, 청순섹시 매력으로 &#39;남심 저격&#39;",톱스타뉴스,2019.11.01.,
17,"&#39;썸바이벌 1+1&#39; 김희철, 김정모와 M&amp;D 활동 예고?",아주경제,2019.11.01.,
18,"태백시청소년상담복지센터, 11월5일 부모교육",국제뉴스,2019.11.01.,
19,"[★픽] &#39;플레이어&#39; 하성운, &#39;아육대&#39; 우지원 전담 마크…&#39;날다람쥐 구르미&#39;",톱스타뉴스,2019.11.01.,
20,2019 정선 청춘 아리랑축제 및 이벤트행사 개최,국제뉴스,2019.11.01.,
21,"정선 화암동굴, 천연기념물 지정됐다",국제뉴스,2019.11.01.,
22,[저녁메뉴 추천] 정준하 깍두기 계란을 첨가? 깍두기 맛있게 담그는법...백종원·김수미 깍두기 만들기,F.E타임스,2019.11.01.,
23,&quot;아는형님&quot; 4년 만에 앨범을 발매한…?,광명지역신문,2019.11.01.,
24,"VSG TV, 김희철-신동과 함께 게임 웹 예능 선보인다",게임샷,2019.11.01.,
25,"김소혜, 상큼함이 톡톡 터져..과즙美의 정석",헤럴드POP,2019.11.01.,네이버뉴스
26,태백 항노화 1호 기업 ㈜브니엘월드 공장 준공,국제뉴스,2019.11.01.,
27,"슈퍼주니어 희철(김희철), 미운우리새끼 정산에 롤러코스터급 감정기복 웃음 선사",대구일보,2019.11.01.,
28,[김희철의 전쟁사](13) ‘평양탈환작전’의 영광보다 전략적 실패 분석이 중요,뉴스투데이,2019.11.01.,
29,"‘신서유기7’ 은지원, 선미 보고 설현을 외치다 “정신이 없어”",MK스포츠,2019.11.01.,네이버뉴스
30,썸바이벌… 모습이 공개돼 화제를??,농기자재신문,2019.11.02.,
31,&#39;썸바이벌&#39; 썸녀들을 제대로 쳐다보지도 못했다,말산업저널,2019.11.02.,
32,제작진은 놀라움을… &quot;썸바이벌&quot;,일간리더스경제,2019.11.02.,
33,녹화 전 대기실에서 내가 왕년에 나이트에서 진짜…? &#39;썸바이벌 1&#39;,충청매일,2019.11.02.,
34,&#39;도티&#39; 모습이 공개돼?,광명지역신문,2019.11.02.,
35,&#39;썸바이벌&#39; 썸녀들을 제대로~,경남데일리,2019.11.02.,
36,&quot;썸바이벌&quot; 전 세계 팬들의 사랑을??,인천일보,2019.11.02.,
37,우주 대스타… 전 세계 팬들의 사랑을 받고 있는 김희철이...?,폴리뉴스,2019.11.02.,
38,˝신성우˝ 드디어 썸녀들 앞에 모습을 나타낸??,인사이트코리아,2019.11.02.,
39,`썸바이벌` 전 세계 팬들의 사랑을 받고 있는 김희철이…?,경상일보,2019.11.02.,
40,&quot;신성우&quot; 드디어 썸녀들 앞에 모습을 나타낸 김희철은,블록체인밸리,2019.11.02.,
41,"썸바이벌 1, 평소와 달리 긴장한 기색을 감추지 못했던 김희철은…?",제주교통복지신문,2019.11.02.,
42,"김건모, 결혼의 힘? 박나래 제치고 &#39;예능 방송인 브랜드평판&#39; 2위",엑스포츠뉴스,2019.11.02.,네이버뉴스
43,"유재석, 11월 예능 방송인 브랜드평판 1위‥2위 김건모",뉴스엔,2019.11.02.,네이버뉴스
44,“유재석 예능방송인 11월 브랜드평판 1위…김건모·박나래 順”,광주매일신문,2019.11.02.,
45,"유재석-김건모-박나래, 11월 예능 방송인 브랜드평판 1~3위",TV리포트,2019.11.02.,네이버뉴스
46,"유재석, 11월 예능방송인 브랜드평판 1위…#일로만난사이 #놀면뭐하니 #나영석",미디어펜,2019.11.02.,
47,"&#39;♥︎장지연&#39; 효과? 김건모, 박나래 제치고 방송인 브랜드평판 2위",싱글리스트,2019.11.02.,
48,"[브랜드평판] 예능 방송인 브랜드 2019년 11월 빅데이터 분석결과...1위 유재석, 2위 김건모, 3위 박나래",미래한국,2019.11.02.,
49,"[ 예능 방송인 브랜드평판 2019년 11월 빅데이터 ] 1위 유재석, 2위 김건모, 3위 박나래",베타뉴스,2019.11.02.,
50,"[ 빅데이터분석 ] 예능 방송인 2019년 11월 브랜드평판...1위 유재석, 2위 김건모, 3위 박나래",한국농어촌방송,2019.11.02.,
51,"예능방송인 브랜드평판 11월 빅데이터 분석 1위는 유재석...2위 김건모, 3위 박나래 順",빅데이터뉴스,2019.11.02.,
52,"유재석, 11월 예능 방송인 브랜드평판 1위 차지..2위 김건모-3위 박나래",브레이크뉴스,2019.11.02.,
53,"유재석, 예능 방송인 브랜드평판 11월 1위…2위는 ‘예비신랑’ 김건모",MK스포츠,2019.11.02.,네이버뉴스
54,"유재석, 11월 예능 방송인 브랜드평판 1위",시사포커스,2019.11.02.,
55,"김희철, 김정모와 훈훈한 만남 인증샷...&quot;추억의 김희철과 김정모&quot;",충청매일,2019.11.02.,
56,"‘장지연 결혼’ 김건모·‘유퀴즈’ 유재석, 브랜드평판 TOP 등극",티브이데일리,2019.11.02.,
57,"김희철, 여자 연예인도 부러워 하는 꽃미모※",enews24,2019.11.02.,네이버뉴스
58,"김희철, 과거 여성복 패셔니스타?※",enews24,2019.11.02.,네이버뉴스
59,"정준하, 깍두기 레시피 공개 &quot;달걀 넣어 발효&quot;…김희철 역대급 반응",조이뉴스24,2019.11.02.,
60,"이유비 나이 어느새 서른, &quot;엄마 견미리가 매일 우유로 목욕 시킨다&quot; 루머에 &quot;견미리가 대통령이냐&quot;",폴리뉴스,2019.11.02.,
61,"이유비 나이 어느새 서른, 엄마는 견미리 동생은 이다인...&quot;엄마가 매일 우유로 목욕 시킨다&quot; 루머에 &quot;견미리가 대통령이냐&quot;",블록체인밸리,2019.11.02.,
62,정준하 깍두기레시피 포인트는? “달걀 발효”,국제신문,2019.11.02.,
63,정준하 깍두기레시피 계란 투척…베테랑 주부 모벤져스도 놀라게 한 깍두기 맛있게 담그는 법,광명지역신문,2019.11.02.,
64,"정준하 깍두기레시피 공개, &quot;군침이 흐르르&quot;",금강일보,2019.11.02.,
65,정준하 깍두기레시피 계란 넣어…맛있게 담드는 법에 베테랑 주부 모벤져스도 놀라,경상일보,2019.11.02.,
66,"&quot;형,엄마 같아~&quot; 김희철, 정준하 손맛 깍두기에 감동(ft.날계란)",세계일보,2019.11.02.,네이버뉴스
67,"[TV먹방] 정준하 깍두기레시피, 찹쌀풀→절인무 손맛 동원",더셀럽,2019.11.02.,
68,"정준하 깍두기 레시피 화제, 양념에 달걀 넣어 발효… &quot;깍두기는 손맛&quot;",경인일보,2019.11.02.,
69,"권상우→허성태, &#39;아는 형님&#39; 인증샷 &quot;꿀잼보장 인상파 배우들&quot;",일간스포츠,2019.11.02.,네이버뉴스
70,"&#39;놀토&#39; 몬스타엑스 셔누·주헌, 우럭·전어 먹방 성공…대활약(종합)",뉴스1,2019.11.02.,네이버뉴스
71,"비와이 &#39;day day&#39;, 소찬휘 &#39;Hold me now&#39; 가사 출제된 &#39;도레미 마켓&#39;",충청리뷰,2019.11.02.,
72,"&#39;도레미마켓&#39; 주헌X셔누, 비와이ㆍ소찬휘 가사 맞혀 우럭탕, 전어회 획득",한국경제,2019.11.02.,네이버뉴스
73,"`아는 형님` 김희원, 동료들 잘 챙기는 권상우에 &quot;일을 절대 미루지 않는다&quot;",매일경제,2019.11.02.,네이버뉴스
74,"&#39;아는형님&#39; 권상우 &quot;희원·성균·성태, 정말 좋은 친구들..그런데 아직 말 못 놓겠다&quot;(1)",톱스타뉴스,2019.11.02.,
75,&#39;아형&#39; 김희원 &quot;권상우 장점=미루지 않는 것···도움 많이 받았다&quot;,일간스포츠,2019.11.02.,네이버뉴스
76,&#39;아는 형님&#39; 권상우가 본 김희원-김성균-허성태 성격은?,싱글리스트,2019.11.02.,
77,"&#39;아는형님&#39; 김희원, 믿을 수 없는 &#39;병뚜껑 날리기&#39; 실력 선보여..역전에 역전 거듭한 경기(2)",톱스타뉴스,2019.11.02.,
78,&#39;아는 형님&#39; 허성태 &quot;장래희망은 권상우…많은 걸 가졌다&quot;,텐아시아,2019.11.02.,네이버뉴스
79,"&#39;아는 형님&#39; 김성균 나이, &#39;권상우보다 동생&#39; 화제…&#39;범죄와의 전쟁&#39; 캐스팅은 가발 덕분?",톱스타뉴스,2019.11.02.,
80,"[종합]`아는 형님` 상우X희원X성균X성태, 완벽 케미 선보이며 큰 웃음 선사... 캐스팅 `신의 한수`",매일경제,2019.11.02.,네이버뉴스
81,"&#39;아는형님&#39; 권상우X김희원X김성균X허성태, 입담도 &#39;신의 한 수&#39;(종합)",헤럴드POP,2019.11.02.,네이버뉴스
82,&#39;아는형님&#39; 멤버들·권상우·김희원·김성균·허성태·신동 단체컷 …&quot;인상파 배우들과 찰칵&quot;,아시아투데이,2019.11.02.,
83,"&#39;아는 형님&#39; 권상우·김희원·김성균·허성태, &#39;신의 한 수&#39; 주역들의 완벽 케미 [종합]",일간스포츠,2019.11.02.,네이버뉴스
84,&#39;슈퍼주니어&#39; 김희철은 밝은 탈색 머리로 변신한 모습이다,광명지역신문,2019.11.03.,
85,"&#39;미운 우리 새끼&#39; 정준하 깍두기 레시피, 특급 비법은 &#39;날계란&#39;…&quot;발효 잘 되고 맛있어&quot;",톱스타뉴스,2019.11.03.,
86,MC 김희철부터 츄튜버 도티 그룹…? &#39;썸바이벌&#39;,업코리아,2019.11.03.,
87,"[RE:TV] &#39;놀토&#39; 셔누, 논란 후 방송 등장…주헌과 대활약",뉴스1,2019.11.03.,네이버뉴스
88,`썸바이벌` 코미디언 서태훈이,경상일보,2019.11.03.,
89,&#39;아는형님&#39; 허성태 &quot;롤모델은 권상우…많은 걸 가졌다&quot; [전일야화],엑스포츠뉴스,2019.11.03.,네이버뉴스
90,김희철은 매 녹화마다 나도 MC 그만하고?? ˝썸바이벌 1˝,농기자재신문,2019.11.03.,
91,그뿐만이 아니었다~? `썸바이벌`,제주교통복지신문,2019.11.03.,
92,&quot;썸바이벌 1&quot; 받으며 우주 대스타로서의 저력을…?,충청매일,2019.11.03.,
93,"[리뷰IS] 권상우·김희원·김성균·허성태, &#39;아는 형님&#39; 출연이 &#39;신의 한 수&#39;",일간스포츠,2019.11.03.,네이버뉴스
94,극도로 긴장한??? `도티`,인천일보,2019.11.03.,
95,&#39;썸바이벌 1&#39; 받으며 우주 대스타로서의...,일간리더스경제,2019.11.03.,
96,드디어 썸녀들 앞에 모습을 나타낸 김희철은 너무 &quot;썸바이벌 1+1&quot;,말산업저널,2019.11.03.,
97,썸바이벌 1… 받으며 우주 대스타로서의??,인사이트코리아,2019.11.03.,
98,"썸바이벌, 모습이 공개돼 화제를...?",당진신문,2019.11.03.,
99,"&#39;플레이어&#39;, 전설의 예능 &#39;동거동락&#39; 패러디",일간스포츠,2019.11.03.,네이버뉴스
100,‘플레이어’ MC 김희철과 함께하는 ‘웃지 마! 동거동락’ 특집…와플 먹기가 부른 파국은? [채널예약],스포츠경향,2019.11.03.,네이버뉴스
101,"‘플레이어’ 측 “‘동거동락’ 패러디, MC 김희철+흥부자 게스트들 출격”[오늘TV]",뉴스엔,2019.11.03.,네이버뉴스
102,"김희철에 여자친구 예린까지..&#39;플레이어&#39;, 유재석 &#39;동거동락&#39; 재현 &#39;대폭소&#39; [Oh!쎈 컷]",OSEN,2019.11.03.,네이버뉴스
103,&quot;썸바이벌&quot; 김희철은 매 녹화마다 나도,블록체인밸리,2019.11.03.,
104,&#39;미우새&#39; 김희철 학창시절 성적표? 충격적 결과 &#39;멘붕&#39;,스타뉴스,2019.11.03.,네이버뉴스
105,"[투데이TV]&quot;멘붕의 연속&quot;..&#39;미우새&#39; 김희철, 파란만장 학창시절→성적표 공개",헤럴드POP,2019.11.03.,네이버뉴스
106,"&#39;미우새&#39; 김희철, 모교 찾아 옛 담임 선생님 보자마자..폭풍 오열[Oh!쎈 컷]",OSEN,2019.11.03.,네이버뉴스
107,"&#39;미우새&#39; 김희철, 중학교 담임 선생님 보자마자 폭풍 오열 [포인트:컷]",엑스포츠뉴스,2019.11.03.,네이버뉴스
108,"‘미우새’ 김희철, 학창시절→성적표 공개…옛 담임 선생님과 만남에 폭풍 오열",한국일보,2019.11.03.,네이버뉴스
109,"&#39;미우새&#39; 김희철, 모교 방문기...담임 앞 폭풍오열부터 성적표까지 전격공개",싱글리스트,2019.11.03.,
110,"‘미우새’ 김희철 모교 방문해 눈물, 성적표까지 공개[오늘TV]",뉴스엔,2019.11.03.,네이버뉴스
111,모습에 더욱 기대가 높아지는 상황? `썸바이벌`,광명지역신문,2019.11.03.,
112,"&#39;미우새&#39; 김희철 모교방문, 담임선생님 재회 폭풍오열(feat.성적표)",일간스포츠,2019.11.03.,네이버뉴스
113,"&#39;미운 우리 새끼&#39; 김희철, 모교 방문→폭풍 오열한 사연…왜?",마이데일리,2019.11.03.,네이버뉴스
114,김희철은 매 녹화마다 나도 MC 그만하고 &#39;썸바이벌 1&#39;,경남데일리,2019.11.03.,
115,같다며 긴장한 기색을?? ˝썸바이벌˝,폴리뉴스,2019.11.03.,
116,처음으로 예능 출연해 세상 달달한 모습 보여준 현아♥던 커플,위키트리,2019.11.03.,
117,아리랑의 고장 정선을 한눈에...,국제뉴스,2019.11.03.,
118,"&#39;미우새&#39; 김희철, 모교 담임 만나 폭풍 오열 &quot;교무실 가는 게…&quot;",SBS funE,2019.11.03.,네이버뉴스
119,"슈퍼주니어 희철(김희철) 나이?, 미운우리새끼(미우새) 통해 모교 방문",한국정책신문,2019.11.03.,
120,"&#39;미우새&#39; 김희철, 학창시절 학업 성적기록에 &#39;멘붕&#39;",광주매일신문,2019.11.03.,
121,‘미운우리새끼’ 김희철 모교 방문기! 파란만장 학창시절 → 성적표 전격 공개,스포츠동아,2019.11.03.,네이버뉴스
122,&#39;미우새&#39; 김희철의 모교방문기…교무실서 눈물 흘린 사연,이데일리,2019.11.03.,네이버뉴스
123,"허성태 &quot;권상우, 첫 만남에 번호 가져가&quot; &#39;친화력甲&#39;(아는 형님)",스포츠투데이,2019.11.03.,
124,&#39;미우새&#39; 김희철 파란만장 학창시절 →성적표 전격 공개 &#39;눈물 사연&#39;,스포츠조선,2019.11.03.,네이버뉴스
125,"김성균, 마동석·김희철과의 술자리 튕겼다? “유부남에 집이 양평”",티브이데일리,2019.11.03.,
126,"‘미우새’ 김희철, 모교 방문에 폭풍 오열 “충격적 성적표 공개”",서울신문,2019.11.03.,네이버뉴스
127,"‘플레이어’ 김희철부터 신수지까지, ‘동거동락’ 패러디···웃음 폭탄 예고",텐아시아,2019.11.03.,네이버뉴스
128,"‘미운 우리 새끼’, 김희철의 모교 방문기···학창시절부터 성적표까지 공개",텐아시아,2019.11.03.,네이버뉴스
129,담임 선생님 만나자 코 빨개질 정도로 눈물 터진 김희철 (영상),위키트리,2019.11.03.,
130,"‘미우새’ 김희철 ‘중학교 방문기’, 폭풍 오열한 사연 &amp; 성적표 전격 공개 [채널예약]",스포츠경향,2019.11.03.,네이버뉴스
131,"&#39;미우새&#39; 김희철, 20년만에 찾아간 중학교에서 오열…이유는?",한국경제,2019.11.03.,네이버뉴스
132,&#39;플레이어&#39; MC 김희철과 흥부자 게스트들이 함께하는 ‘웃지 마! 동거동락’ 특집,부산일보,2019.11.03.,네이버뉴스
133,"‘미우새’ 김희철, 모교 방문해 눈물 흘린 사연은? [M+TV컷]",MBN,2019.11.03.,네이버뉴스
134,정준하 깍두기레시피? 달걀 하나 깨 넣는 게 포인트...&#39;침샘 자극&#39;,뉴스컬처,2019.11.03.,
135,"&#39;미운 우리 새끼&#39; 김희철, 모교 방문해 눈물 흘린 사연은?!",스타데일리뉴스,2019.11.03.,
136,&#39;플레이어&#39; 김희철 MC &#39;웃 마! 동거동락&#39; 특집..나르샤-신수지 섹시댄스,헤럴드POP,2019.11.03.,네이버뉴스
137,&#39;플레이어&#39; 나르샤 &quot;게스트가 왔는데 이렇게 안 반겨주냐&quot; 버럭,엑스포츠뉴스,2019.11.03.,네이버뉴스
138,"&#39;플레이어&#39; 이진호, 생기부 맞추기, 오답 퍼레이드에 빅재미",헤럴드POP,2019.11.03.,네이버뉴스
139,&#39;플레이어&#39; 우주대스타 김희철과 흥부자 게스트들이 함께하는 특집,한국경제,2019.11.03.,네이버뉴스
140,"&#39;플레이어&#39; 황제성, 허무한 와플 2행시→나르샤 &quot;어떻게 개그맨 됐냐&quot;",엑스포츠뉴스,2019.11.03.,네이버뉴스
141,&#39;동거동락&#39; 패러디한 &#39;플레이어&#39;…MVP는 생활기록부 공개된 이진호 [종합],엑스포츠뉴스,2019.11.03.,네이버뉴스
142,"&quot;주의 산만&quot;..&#39;플레이어&#39;, 이진호 독설 가득 생활기록부 &#39;대폭소&#39;",enews24,2019.11.03.,네이버뉴스
143,"&#39;플레이어&#39; 황제성, 강다니엘에 영상편지 &quot;만나서 사과하겠다&quot;",enews24,2019.11.03.,네이버뉴스
144,"&quot;이진호=MVP&quot;..&#39;플레이어&#39;, 레전드 &#39;동거동락&#39; 패러디★ 추억 소환 끝판왕[종합]",enews24,2019.11.03.,네이버뉴스
145,"&#39;플레이어&#39; 김희철 MC, 나르샤-홍윤화-예린 게스트로 전에 없던 큰 웃음[종합]",헤럴드POP,2019.11.03.,네이버뉴스
146,"예능 방송인 브랜드평판 분석결과...1위 유재석, 2위 김건모, 3위 박나래",지피코리아,2019.11.03.,
147,"&#39;플레이어&#39; 김가연, 방석퀴즈 정답에 &quot;&#39;호텔 캘리포니아&#39; 하려고 했다&quot; 폭소",경인일보,2019.11.03.,
148,&quot;경제자유구역의 패러다임 전환 필요&quot;,경기신문,2019.11.03.,
149,"&#39;미우새&#39; 김희철, 모교 담임 보자마자 폭풍 오열…생활기록부 공개",조이뉴스24,2019.11.03.,
150,"&#39;미우새&#39; 김희철, 중학교 방문해 폭풍 오열…충격 결과 담긴 생활기록부 공개",중부일보,2019.11.03.,
151,&#39;장지연♥&#39; 김건모 엄마 이선미 여사 &quot;환장하겠다&quot;…&#39;집사부일체&#39; 아들-예비신부 나이 차이는? &#39;미운우리새끼&#39; [★픽] ,톱스타뉴스,2019.11.03.,
152,"김희철, 원주 모교 진광중학교 찾아 눈물 &quot;감사드려요&quot; 그의 나이는? &#39;미운우리새끼&#39; [★픽]",톱스타뉴스,2019.11.03.,
153,미운 우리 새끼서 김희철 &quot;어릴 때 교무실 가는 게 너무 싫어&quot;,아시아뉴스통신,2019.11.03.,
154,&#39;2019 인천국제디자인위크&#39; 디자인으로 도시·시민 하나가 되다,경기일보,2019.11.03.,
155,"&#39;미우새&#39; 이선미 여사, 8개월 만에 복귀 &quot;김건모, 父 빈자리 대신하려 노력&quot;",스포츠조선,2019.11.03.,네이버뉴스
156,"정동진 기차여행 임원희X정석용, 강릉 해돋이 가서 잔치국수 먹방…박수홍 고양이 공개 &#39;미운우리새끼&#39;[★픽]",톱스타뉴스,2019.11.03.,
157,"&#39;미우새&#39; 이선미 여사, 김건모♥장지연 결혼 암시 &quot;장가 갈 것&quot;",스포츠조선,2019.11.03.,네이버뉴스
158,"&#39;미우새&#39; 박수홍, 술병 때문에 고생…윤정수 &quot;결혼하기 글렀다&quot;",스포츠조선,2019.11.03.,네이버뉴스
159,"김희철 나이 37세, 원주공고 방문 인증샷 공개! S전자 출신?",하빗슈,2019.11.03.,
160,박수홍 고양이 &#39;미우새&#39;서 공개 &#39;키운지 한달 돼&#39;,아시아뉴스통신,2019.11.03.,
161,"김희철 &quot;초등학교 때 올100, 母가 천재인줄 알아&quot;(미운 우리 새끼) [TV캡처]",스포츠투데이,2019.11.03.,
162,"[종합]&quot;내 소원 이뤄줄 것&quot; &#39;미우새&#39; 복귀 이선미 여사, 김건모♥장지연 결혼 암시",스포츠조선,2019.11.03.,네이버뉴스
163,&#39;미우새&#39; 김희철 &quot;어릴때 엄마가 나 천재인줄 알았대&quot; 올 100점 맞던때 회상,스포티비뉴스,2019.11.03.,네이버뉴스
164,"김희철 나이? 원주 진광중학교-원주공고 졸업, 알고보니 S전자 출신?",F.E타임스,2019.11.03.,
165,"김희철, 모교 은사와 포옹 후 눈물 펑펑 “잘가르쳐줘 사고 안쳤다”",뉴스엔,2019.11.03.,네이버뉴스
166,"&quot;하객은 몇 명이 좋겠어요?&quot; &#39;미우새&#39; 이선미여사, 감출 수 없는 김건모♥장지연 &#39;결혼&#39; [종합] ",OSEN,2019.11.03.,네이버뉴스
167,김희철 생활기록부 공개…수 0개·미 12개·양 11개 “너무 창피해”[결정적장면],뉴스엔,2019.11.03.,네이버뉴스
168,"‘미우새’ 김희철, 담임 교사 보자마자 눈물···서장훈 &quot;저런 모습 처음 봐&quot;",텐아시아,2019.11.03.,네이버뉴스
169,"&#39;미우새&#39; 김희철, 모교 방문에 눈물…&quot;공부 전부 아냐&quot; 후배 응원 [종합]",엑스포츠뉴스,2019.11.03.,네이버뉴스
170,진광중학교 실검 뜬 이유? 김희철 성적 보니,국제신문,2019.11.03.,
171,"&#39;미운우리새끼&#39; 김희철, 절친과 모교 진광중학교 방문해 성적표 확인…&#39;0수&#39;에 좌절",부산일보,2019.11.03.,네이버뉴스
172,"[종합] `미우새` 김희철, 수 없지만 모교 후배 워너비... 30년 만에 모교 방문 울컥해",매일경제,2019.11.03.,네이버뉴스
173,"[종합]&#39;미우새&#39; 김희철, 모교 찾아 오열…&quot;잘하는게 없었지만 지금 열심히 살고 있다&quot;",헤럴드POP,2019.11.03.,네이버뉴스
174,"진광중학교 실검 등장, 이유는?",충청리뷰,2019.11.03.,
175,"&#39;미우새&#39; 김희철, 모교 방문해 오열→반전 성적표 공개…김건모 결혼 예고[종합S]",스포티비뉴스,2019.11.03.,네이버뉴스
176,진광중학교가 어디? 김희철 옛날 모습도 화제,금강일보,2019.11.03.,
177,"[스브스夜] &#39;미우새&#39; 김희철, &quot;잘 가르쳐주셔서 감사하다&quot;…중학교 담인 선생님과 재회 &#39;눈물 펑펑&#39;",SBS funE,2019.11.03.,네이버뉴스
178,진광중학교 도덕 선생님 “현재 김희철보다 젊을 때 담임”,이투데이,2019.11.03.,
179,김희철 나이? 공효진과 남매같은 다정한 사진 포착!,중도일보,2019.11.03.,
180,"김희철, 공효진과 다정한 사진 &#39;남매같아&#39;",브릿지경제,2019.11.03.,
181,"진광중학교 찾은 김희철, 교무실에서 담임선생님 보자마자 눈물 &#39;뭉클&#39;",업코리아,2019.11.03.,
182,"김희철, 진광중학교 찾아…교무실에서 담임선생님 보자마자 눈물 흘려",광명지역신문,2019.11.03.,
183,김희철에게 이런 모습이? 진광중학교 도덕 선생님 &quot;그보다 어렸을 때 담임&quot;,뉴스렙,2019.11.03.,
184,"김희철, 진광중학교 찾아 &#39;눈물&#39; 울컥",아시아뉴스통신,2019.11.03.,
185,&quot;송도 11공구 고밀도 지식산업센터 조성해 제조업·벤처 유치 해야&quot;,인천일보,2019.11.04.,
186,"[RE:TV] &#39;미우새&#39; 김희철, 성적표 공개…충격",뉴스1,2019.11.04.,네이버뉴스
187,"&quot;마음이 아파&quot;…&#39;플레이어&#39; 이진호, 생활기록부 공개→상처만 남은 MVP [전일야화]",엑스포츠뉴스,2019.11.04.,네이버뉴스
188,"&#39;미운우리새끼&#39; 김희철, &#39;수&#39; 없는 중학교 성적에 멘붕 &quot;창피해&quot; [TV온에어]",티브이데일리,2019.11.04.,
189,"[어게인TV] &#39;플레이어&#39; 이진호, 학창시절 폭로에 이어 마지막 출연? &#39;동거동락&#39; 특집",헤럴드POP,2019.11.04.,네이버뉴스
190,"[어게인TV]&#39;미우새&#39; 박수홍, 길고양이 다홍이 구조했다 &quot;낚시터에서 만났다&quot;",헤럴드POP,2019.11.04.,네이버뉴스
191,"&#39;미우새&#39; 김희철, 눈물 &#39;뭉클&#39;‥母이선미 여사&#39;s 김건모♥장지연 &#39;결혼&#39; 시그널 [어저께TV]",OSEN,2019.11.04.,네이버뉴스
192,유재석·김건모·박나래 예능 방송인 브랜드 평판 상위권… &#39;놀면뭐하니·장지연과 결혼·나혼자산다&#39; 관심,뉴스웍스,2019.11.04.,
193,"&#39;미운 우리 새끼&#39; 김희철, 모교에서 &#39;눈물 펑펑&#39;…&quot;진광중학교인으로서 망신 안 시키려고 열심히 살았다&quot;",뉴스인사이드,2019.11.04.,
194,"‘미우새’ 술병난 박수홍, 길고양이 입양에 최고 시청률 20.8%",뉴스엔,2019.11.04.,네이버뉴스
195,&#39;미우새&#39; 이선미 여사 귀환→김희철 성적표 공개..최고의 1분 20.8% 기록,헤럴드POP,2019.11.04.,네이버뉴스
196,[TV북마크] ‘미우새’ 이선미 여사 컴백 효과…최고의 1분 20.8%,스포츠동아,2019.11.04.,네이버뉴스
197,&#39;미우새&#39; 김건모母 이선미 여사 귀환→김희철 성적표 공개…최고시청률 20.8%,스포츠서울,2019.11.04.,네이버뉴스
198,"&#39;미우새&#39; 김건모 신혼집-결혼식, 이선미 여사 출연에 시청률 20%대 육박",싱글리스트,2019.11.04.,
199,‘미우새’ 이선미 여사 귀환→김희철 성적표 공개까지…2049 시청률 주간 예능 1위 [간밤TV],스포츠경향,2019.11.04.,네이버뉴스
200,[친절한 리뷰] &#39;미운우리새끼&#39; 이선미 여사 &quot;아들 김건모 결혼할 것&quot; 예고에 시청률 폭발,아시아투데이,2019.11.04.,
201,"&#39;미우새&#39;, 이선미 여사 깜짝 컴백..박수홍은 최고의 1분",스타뉴스,2019.11.04.,네이버뉴스
202,"‘미우새’,김건모 母 이선미 여사 귀환→박수홍 길고양이 입양 사연까지…최고의 1분은?",한국일보,2019.11.04.,네이버뉴스
203,&#39;미우새&#39; 김희철 모교 방문.. 성적표 공개 &#39;눈길&#39;,이데일리,2019.11.04.,네이버뉴스
204,‘미우새’ 이선미 여사 &quot;김건모 장가간다&quot;...김희철 성적표 공개 &#39;시청률 상승&#39;,텐아시아,2019.11.04.,네이버뉴스
205,"‘미우새’, 김건모 母 귀환→김희철 성적표 공개....‘시청률 껑충’",매일경제,2019.11.04.,네이버뉴스
206,"김희철, 학창시절 성적표에 ‘깜짝’…셀프 디스까지",한국일보,2019.11.04.,네이버뉴스
207,"&#39;미우새&#39; &#39;최고 20.8%&#39;…&quot;건모, 장가간다&quot; 이선미 여사 귀환→김희철 성적표",스포츠조선,2019.11.04.,네이버뉴스
208,"&#39;미우새&#39; 김희철, 은사님 재회에 &#39;왈칵&#39;‥우주대스타&#39;s 반전 &#39;인간美&#39; [핫TV]",OSEN,2019.11.04.,네이버뉴스
209,"태백시, 동점산업단지 산업시설용지 본격 분양",국제뉴스,2019.11.04.,
210,"&quot;건모는 장가 간다&quot;…이선미 여사 귀환 &#39;미우새&#39;, 시청률 껑충",SBS funE,2019.11.04.,네이버뉴스
211,"[TV핫스팟] ‘미운 우리 새끼’, 이선미 여사 귀환→김희철 성적표 공개",스포츠월드,2019.11.04.,네이버뉴스
212,"[View기획┃게임·연예의 공존②] 게임을 사랑하는 스타들, 게임 콘텐츠에 열 올리는 방송가",뷰어스,2019.11.04.,
213,&#39;미운 우리 새끼&#39; 이선미 여사 귀환 → 김희철 성적표 공개까지 &#39;미우새&#39; 시청률 껑충,스타데일리뉴스,2019.11.04.,
214,"&#39;음악당&#39; 브아걸 가인, 신곡 부르다 눈물 쏟은 사연?‥완전체 컴백을 위한 노력 비하인드 공개",헤럴드POP,2019.11.04.,네이버뉴스
215,‘음악당’ 브아걸 가인 ‘내가 날 버린 이유’ 라이브 중 눈물→녹화 중단,뉴스엔,2019.11.04.,네이버뉴스
216,"&#39;미우새&#39; 김희철, 모교 선생님 보자 눈물→&#39;수&#39;없는 성적표 공개까지",마이데일리,2019.11.04.,네이버뉴스
217,&quot;건모 장가간다&quot; &#39;미우새&#39; 이선미 여사 귀환→김희철 성적표 공개..시청률 20% ↑,OSEN,2019.11.04.,네이버뉴스
218,&#39;미운 우리 새끼&#39; 일요일 예능 1위.. &#39;슈퍼맨이 돌아왔다&#39; &#39;집사부 일체&#39; 순,베리타스알파,2019.11.04.,
219,"돌아온 &#39;이선미 여사&#39;, 미친 입담으로 &#39;미우새&#39; 시청률 1위 견인",한국경제,2019.11.04.,네이버뉴스
220,"&quot;김건모 장가간다, 내 평생소원&quot;…&#39;미우새&#39; 건모母, 결혼 암시했었다[TV핫샷]",스포티비뉴스,2019.11.04.,네이버뉴스
221,"브라운아이드걸스, 신곡 라이브+진솔토크..&#39;4년 공백 갈증 해소&#39;",enews24,2019.11.04.,네이버뉴스
222,"브아걸, &#39;음악당&#39;서 방송 최고 신곡 라이브...가인 눈물쏟은 비화까지",싱글리스트,2019.11.04.,
223,&#39;미운우리새끼&#39; 이선미 여사 귀환→김희철 성적표 공개까지..&#39;주간 예능 1위&#39;,서울경제,2019.11.04.,네이버뉴스
224,"‘소문난 게임마니아’ 김희철·신동, 게임 웹예능 진행",스포츠경향,2019.11.04.,네이버뉴스
225,&#39;슈퍼주니어&#39; 밝은 탈색 머리로 변신한 모습이다,광명지역신문,2019.11.04.,
226,"&#39;썸바이벌 1+1&#39; 한복여신 안선미, 도티 이상형 듣고 당황 &quot;섹시요?&quot;",톱스타뉴스,2019.11.04.,
227,눈물 없는데 &#39;20년&#39; 만에 담임 선생님 만나고 오열한 김희철,인사이트,2019.11.04.,
228,"정선군, 인재육성아카데미 쇼미더 잡(JOB) 프로그램 운영",국제뉴스,2019.11.04.,
229,"정선군, 구제역 백신 무료접종으로 구제역 발생 원천차단 한다.",국제뉴스,2019.11.04.,
230,"[공식] 브라운 아이드 걸스, &#39;스튜디오 음악당&#39; 전격 출연..&#39;4년 공백 갈증 해소&#39;",서울경제,2019.11.04.,네이버뉴스
231,대단한 상 받던 배우들도 아는형님 출연하면 소년되는 마법[TV보고서],뉴스엔,2019.11.04.,네이버뉴스
232,예능 방송인 브랜드평판 톱3는? 유재석 김건모 박나래 순,베리타스알파,2019.11.04.,
233,제주시 사무관 승진 의결자 9명 승진 임용 ,헤드라인제주,2019.11.04.,
234,"[★픽] &#39;미운 우리 새끼(미우새)&#39; 김희철, 학력 궁금증↑…모교 방문 후 &quot;이거 조작이다&quot;",톱스타뉴스,2019.11.04.,
235,드디어 썸녀들 앞에 모습을~? ˝썸바이벌˝,충청매일,2019.11.04.,
236,&quot;도티&quot; 극도로 긴장한 모습을…?,인사이트코리아,2019.11.04.,
237,‘강(强)한 이미지’ 브아걸의 연륜은 어떻게 표현될까?,헤럴드경제,"<span class=""newspaper"">28면",네이버뉴스
238,"[★픽] &#39;플레이어&#39; 김동현, 빵빵 터지는 예능감 &#39;막말 포텐&#39;…&quot;여자친구 13명?&quot;",톱스타뉴스,2019.11.04.,
239,극도로 긴장한 모습을~? 도티,말산업저널,2019.11.04.,
240,영월군 안전보안관 11월8일까지 모집,국제뉴스,2019.11.04.,
241,"허성태X권상우X김희원X김성균 나이? 아는형님 출연, 입담+재치 폭발",한국정책신문,2019.11.04.,
242,‘우주 대스타’ 전 세계 팬들의 사랑을…?,제주교통복지신문,2019.11.04.,
243,미우새 ‘모벤져스’도 놀란 정준하 깍두기 맛있게 담그는 법은? ‘백종원도 울고 갈 황금레시피’,내외경제tv,2019.11.04.,
244,‘썸바이벌 1’ 김희철이 옷을 갈아입겠다고 나섰다,농기자재신문,2019.11.04.,
245,극도로 긴장한 모습을??? 도티,당진신문,2019.11.04.,
246,˝썸바이벌˝ 모습에 더욱 기대가~,광명지역신문,2019.11.04.,
247,배우 김성균 &#39;스님으로 오해 받은 사연?&#39; 올해 나이 및 슬하 2남 1녀 자녀까지 재조명,F.E타임스,2019.11.04.,
248,전 세계 팬들의 사랑을 받고 있는 아이돌 `도티`,경남데일리,2019.11.04.,
249,"배우 김성균 중학생 때 &#39;스님으로 오해 받은 사연?&#39; 올해 나이 40세, 권상우보다 어려",하빗슈,2019.11.04.,
250,`신성우` 드디어 썸녀들 앞에 모습을 나타낸 김희철은,폴리뉴스,2019.11.04.,
251,&#39;썸바이벌 1&#39; 받으며 우주 대스타로서의 저력을...?,일간리더스경제,2019.11.04.,
252,김희철은 매 녹화마다 나도 MC 그만하고...? &#39;썸바이벌 1&#39;,경상일보,2019.11.04.,
253,극도로 긴장한~? ˝도티˝,인천일보,2019.11.04.,
254,“미운 우리 새끼” 정준하는 집밥을 거의 안해...,농기자재신문,2019.11.05.,
255,거제 동부면 명예사회복지공무원 발대식,경남일보,2019.11.05.,
256,항상 티격태격하면서도 죽이 잘 맞던 두 사람이 미운우리새끼,말산업저널,2019.11.05.,
257,깍두기와 수제 막걸리 갈비찜을? &#39;미운 우리 새끼&#39;,블록체인밸리,2019.11.05.,
258,&#39;미운우리새끼&#39; 사람의 여행은!,당진신문,2019.11.05.,
259,&quot;미운우리새끼&quot; 정석용은 정동진을 왜 나하고 가 가면 다~,경상일보,2019.11.05.,
260,&quot;미운우리새끼&quot; 정준하는 집밥을 거의 안해 먹는 김희철을 위해…,충청매일,2019.11.05.,
261,도레미마켓… 주헌 역시 반전 면모로 이목을~,농기자재신문,2019.11.05.,
262,정석용은 정동진을 왜 나하고 가 가면 다~ &quot;미운우리새끼&quot;,제주교통복지신문,2019.11.05.,
263,정준하는 집에서 밥을 잘 해먹지 “미운 우리 새끼”,폴리뉴스,2019.11.05.,
264,˝미운우리새끼˝ 정석용은 정동진을 왜 나하고…?,인사이트코리아,2019.11.05.,
265,&quot;낭만여행&quot; 계획에 차질이 생겼다고 한다,업코리아,2019.11.05.,
266,"&#39;썸바이벌&#39; 김희철, 중간 선택 1위 등극..솔로 남자 연예인 특집 2부",헤럴드POP,2019.11.05.,네이버뉴스
267,"&#39;썸바이벌 1+1&#39; 김희철 &quot;길거리 데이트 X, 늘 PC방서 데이트&quot;…솔직 고백",한국경제,2019.11.05.,네이버뉴스
268,"&#39;썸바이벌1+1&#39; 김희철X정모, 한 여자 두고 팽팽한 신경전",스포츠서울,2019.11.05.,네이버뉴스
269,&#39;썸바이벌&#39; 김희철 &quot;데이트는 늘 PC방에서 했다&quot;,일간스포츠,2019.11.05.,네이버뉴스
270,"김희철, 데이트 OOO에서만 했다?",머니S,2019.11.05.,네이버뉴스
271,‘썸바이벌 1+1’ 김희철 “데이트 할 때 늘 000에서만 했다?”,스포츠경향,2019.11.05.,네이버뉴스
272,"‘썸바이벌 1+1’ 정모, 썸녀와 다정한 눈빛 교환에 김희철 &#39;질투 폭발&#39;",텐아시아,2019.11.05.,네이버뉴스
273,"김희철 &quot;길에서 데이트해본 적 無, 주로 어디서 하냐면…&quot; (&#39;썸바이벌 1+1&#39;)",마이데일리,2019.11.05.,네이버뉴스
274,"류태호 태백시장, 도시재생뉴딜 최우수 자치단체장상 수상",국제뉴스,2019.11.05.,
275,"태백시, 이미용업 대상 공중위생서비스 평가",국제뉴스,2019.11.05.,
276,"SBS, 12월수목 밤 10시엔 &#39;이동욱X백종원&#39;과 만나요 [공식]",스포츠조선,2019.11.05.,네이버뉴스
277,&quot;SBS 개편&quot;..수목 밤 10시엔 이동욱X백종원과 함께..드라마는 내년 상반기,헤럴드POP,2019.11.05.,네이버뉴스
278,"이동욱 공유→백종원, SBS 12월부터 밤10시 수목극→예능 편성 [공식]",스포츠동아,2019.11.05.,네이버뉴스
279,"&#39;토크가&#39; 이동욱X &#39;맛남의 광장&#39; 백종원, SBS 수목 오후 10시 채운다[공식]",OSEN,2019.11.05.,네이버뉴스
280,"&quot;이동욱X백종원, 수목 밤 10시에 만나요&quot;…SBS, 드라마 대신 예능 &#39;파격 편성&#39;",SBS funE,2019.11.05.,네이버뉴스
281,"SBS, 수목극 대신 예능...‘이동욱은 토크가 하고 싶어서’ ‘맛남의 광장’ 편성",텐아시아,2019.11.05.,네이버뉴스
282,"SBS &quot;수목 예능 편성, 이동욱X백종원으로 장르 차별화&quot; [공식입장]",스포츠투데이,2019.11.05.,
283,"SBS, 수목드라마 쉬고 이동욱X백종원 예능 밤 10시대 배치...12월 개편",매일경제,2019.11.05.,네이버뉴스
284,"정준하 깍두기레시피, 김희철도 반한 맛 &quot;날달걀로 발효&quot;",경인일보,2019.11.05.,
285,2019정선군 도시재생 해봄한마당 7일 개최,국제뉴스,2019.11.05.,
286,"이동욱 공유, 토크쇼서 재회? 역대급 MC 게스트 라인업",넥스트데일리,2019.11.05.,
287,&#39;썸바이벌&#39; 김희철 &quot;데이트는 늘 PC방에서 했다&quot;,enews24,2019.11.05.,네이버뉴스
288,"&#39;썸바이벌 1+1&#39; 김희철X정모, 한 명의 썸녀 두고 치열한 신경전",엑스포츠뉴스,2019.11.05.,네이버뉴스
289,"SBS, 이동원X백종원 쌍두마차 ‘수목 예능존’ 형성",티브이데일리,2019.11.05.,
290,"SBS, 수목드라마 대신 예능 첫선…이동욱·백종원 출격",뉴스핌,2019.11.05.,
291,강원 교육계 정시확대 반대 여론 확산,국제뉴스,2019.11.05.,
292,"[SC이슈]SBS, 이번엔 수목극 쉬고 예능 편성…이동욱X백종원 출격(feat.공유)",스포츠조선,2019.11.05.,네이버뉴스
293,[김희철의 위기관리] 모든 위기와 성공은 리더십에서 비롯된다,뉴스투데이,2019.11.05.,
294,&#39;미우새&#39; 정준하 깍두기 레시피 화제 &quot;깍두기는 손맛이지&quot; 김희철 당황,톱스타뉴스,2019.11.05.,
295,"&#39;썸바이벌 1+1&#39; 김희철vs정모, 썸녀 사이에 둔 신경전 [T-데이]",티브이데일리,2019.11.05.,
296,"SBS &quot;수-목요일 밤 10시대, 드라마 아닌 예능물로 차별화&quot;",뉴시스,2019.11.05.,네이버뉴스
297,"SBS, 12월부터 수목극→예능 &#39;이동욱은 토크가&#39;+&#39;맛남의 광장&#39; 편성",뉴스1,2019.11.05.,네이버뉴스
298,쉬어가는 SBS 수목드라마…이동욱·백종원이 책임진다,마이데일리,2019.11.05.,네이버뉴스
299,"SBS, 이번엔 수목 오후10시대 편성 실험… 이동욱·백종원 나선다",쿠키뉴스,2019.11.05.,
300,"수목=드라마? 수목=이동욱·백종원…12월 SBS, 달라진다 [공식입장]",TV리포트,2019.11.05.,네이버뉴스
301,"SBS, 수목드라마 쉬고 이동욱 토크쇼-백종원 예능 시작",노컷뉴스,2019.11.05.,네이버뉴스
302,"[TEN 이슈] SBS, 수목극 쉬고 예능 편성...이동욱X백종원 승부수 통할까",텐아시아,2019.11.05.,네이버뉴스
303,"영월군의회, 의장 해임안 놓고 &#39;시끌&#39;",국제뉴스,2019.11.05.,
304,BJ최군 X 김희철 커플티로 완성한 우정샷 &#39;눈길&#39;,뉴스컬처,2019.11.05.,
305,"제주시, 사무관 9명 승진임용",제주매일,2019.11.05.,
306,"&#39;썸바이벌&#39; 김희철, 정모♥썸녀 달달 눈빛에 질투 폭발…삼각관계",조이뉴스24,2019.11.06.,
307,"&#39;썸바이벌 1+1&#39; 김희철, 중간 선택 최고의 인기남..&#39;썸젠가&#39; 데이트 기회",서울경제,2019.11.06.,네이버뉴스
308,&#39;SBS&#39; 12월 개편...수목엔 &#39;이동욱&amp;백종원&#39;과 만나요,서울경제,2019.11.06.,네이버뉴스
309,&quot;미운우리새끼&quot; 김희철의 눈시울이 붉어지자 선생님은,한국스포츠통신,2019.11.06.,
310,˝플레이어˝ 생기부의 내용인 교우관계가 좋으나...,폴리뉴스,2019.11.06.,
311,&quot;아는형님&quot; 펼치며 촬영장 분위기를…?,경상일보,2019.11.06.,
312,"[ONE SHOT] 유재석, 예능 방송인 5개월 연속 1위…2위는 예비신랑 김건모",중앙일보,2019.11.06.,네이버뉴스
313,[단독] 뉴이스트도 中 팬사인회…한류에 새 바람 부나,일간스포츠,2019.11.06.,네이버뉴스
314,"‘썸바이벌’ 중간선택 0표 도티, 최종 선택서 눈물[오늘TV]",뉴스엔,2019.11.06.,네이버뉴스
315,"&#39;썸바이벌1+1&#39; 도티, 중간선택 0표→최종선택 눈물..반전 있을까",OSEN,2019.11.06.,네이버뉴스
316,"[투데이TV]&#39;썸바이벌&#39; 도티, 썸녀에 직진 고백..최종 선택서 &#39;눈물&#39;",헤럴드POP,2019.11.06.,네이버뉴스
317,"도티, 예능 녹화 도중 눈물 보인 사연",TV리포트,2019.11.06.,네이버뉴스
318,‘썸바이벌 1+1’ 김희철 “내일 뭐해요? 술이나 한잔 해요” 심쿵 고백 [채널예약],스포츠경향,2019.11.06.,네이버뉴스
319,"도티, 중간 선택 0표에도 썸녀에 직진→최종 선택서 눈물 (&#39;썸바이벌 1+1&#39;)",마이데일리,2019.11.06.,네이버뉴스
320,"이선미 여사, 8개월 공백에도 여전한 &#39;미친 입담&#39;…&#39;미우새&#39; 동시간 1위",한국경제,2019.11.06.,네이버뉴스
321,"‘썸바이벌 1+1’ 도티, 중간 선택 0표…최종 선택서 눈물흘린 사연은?",한국일보,2019.11.06.,네이버뉴스
322,"[★픽] &#39;아는 형님&#39; 브아걸 미료, &#39;그것&#39; 때문에 탈퇴설까지 돌았다?…가인 &quot;성형 전 1기 거쳐 지금은 5기&quot;",톱스타뉴스,2019.11.06.,
323,"&#39;음악당&#39; 브아걸, 4년만 완전체 라이브 무대…가인 눈물 펑펑",엑스포츠뉴스,2019.11.06.,네이버뉴스
324,"브아걸 가인, ‘내가 날 버린 이유’ 부르다 오열…녹화 중단",스포츠동아,2019.11.06.,네이버뉴스
325,"태백시, 아이들이 즐거운 놀이 한마당 개최",국제뉴스,2019.11.06.,
326,"&#39;음악당&#39; 브아걸, 4년만 여전한 입담..카리스마 라이브 공개",헤럴드POP,2019.11.06.,네이버뉴스
327,"브아걸, 신곡 라이브 무대로 뽐낸 여전한 실력…가인 눈물 &#39;왜?&#39;",아시아투데이,2019.11.06.,
328,"[★픽] &#39;플레이어&#39; 소녀시대 효연, 명불허전 &#39;춤신춤왕&#39;…추억의 코너 &#39;동거동락&#39;으로 추억 회상",톱스타뉴스,2019.11.06.,
329,"“2시간 밖에 못자” 브아걸 가인, 간만의 라이브에 눈물흘린 사연",뉴스엔,2019.11.06.,네이버뉴스
330,"&#39;음악당&#39; 브아걸, 4년만 완전체 라이브 무대…가인 눈물 펑펑 쏟은 사연은?",한국경제,2019.11.06.,네이버뉴스
331,"김희철, 슈퍼주니어 데뷔 14주년 기념 웃음기 쫙 뺀 아이돌 비주얼[SNS★컷]",뉴스엔,2019.11.06.,네이버뉴스
332,"남궁민 여자친구 진아름, 11살 나이차이 무색한 달달한 커플 &quot;카약 너무 재밌어&quot;",톱스타뉴스,2019.11.06.,
333,"&#39;음악당&#39; 브아걸, 4년만 완전체 라이브 무대...가인 눈물 &#39;펑펑&#39; 쏟아",전북일보,2019.11.06.,
334,"브아걸 가인, 4년만 완전체 라이브에서 눈물 쏟은 사연",스타뉴스,2019.11.06.,네이버뉴스
335,"&#39;슈퍼주니어 데뷔 14주년&#39; 김희철·최시원·동해, 팬에 전한 진심",스타뉴스,2019.11.06.,네이버뉴스
336,"정준하 깍두기 레시피 비결은 ‘깍두기 계란 발효’, 백종원 못지않은 깍두기 맛있게 담그는 법!",F.E타임스,2019.11.06.,
337,가인 눈물 &quot;2시간 밖에 못 잤다&quot;,머니S,2019.11.06.,네이버뉴스
338,"&#39;썸바이벌 1+1&#39; 도티, 눈물 흘린 사연 공개 [T-데이]",티브이데일리,2019.11.06.,
339,"정준하, 깍두기 레시피 미운우리새끼에서 공개...발효엔 달걀?",한국정책신문,2019.11.06.,
340,"‘플라워 샤워’ 현아 깨발랄VS 무덤‘던’ 싸이 품에서 새출발, ‘아는 형님’-현아 예고편에서는 부끄럼 폭발",내외경제tv,2019.11.06.,
341,"&#39;썸바이벌 1+1&#39; 도티, 썸녀에게 직진→최종 선택에서 눈물",엑스포츠뉴스,2019.11.06.,네이버뉴스
342,"[단독] 신수지-나다-오나미-조정민, 썸타러 간다…&#39;썸바이벌1+1&#39; 출연",OSEN,2019.11.06.,네이버뉴스
343,"`썸바이벌 1+1` 도티, 녹화 중 눈물…무슨 일?",매일경제,2019.11.06.,네이버뉴스
344,"[단독] 신수지X나다X오나미X조정민, &#39;썸바이벌1+1&#39; 출격…&#39;썸 커플&#39; 될까 (종합)",OSEN,2019.11.06.,네이버뉴스
345,"&#39;플레이어&#39; 황제성, 강다니엘에 영상편지 &quot;아이콘택트 하며 사과하고 싶다&quot;",경상일보,2019.11.06.,
346,"[스브스타] &quot;진정하고 다시 불러도 될까요?&quot;…가인, &#39;브아걸&#39; 완전체 무대서 눈물",SBS,2019.11.06.,네이버뉴스
347,"&#39;썸바이벌 1+1&#39; 도티, 중간 선택에서 0표..녹화 도중 눈물",서울경제,2019.11.06.,네이버뉴스
348,&#39;미우새&#39; 김희철 &quot;어릴때 엄마가 나 천재인줄 알았대&quot; 전교1등 시절 회상,광명지역신문,2019.11.06.,
349,"슈퍼주니어 희철, &quot;추억의 김희철과 김정모&quot;",뉴스컬처,2019.11.06.,
350,"&#39;썸바이벌1+1&#39; 김희철·정모, 썸녀 앞에서 우정은 일단 멈춰",중부일보,2019.11.06.,
351,"&#39;썸바이벌1+1&#39; 도티, 중간선택 0표 이겨내고 직진남 모습… 최종선택서 눈물 왜?",중부일보,2019.11.06.,
352,정일영 더민주 연수을위원장 송도마리나 복합리조트 개발 협의 본격 시작,스포츠서울,2019.11.06.,네이버뉴스
353,정일영 연수을위원장 송도마리나 복합리조트 개발 앞장,베타뉴스,2019.11.06.,
354,"김희철, 과거 설리와 다정한 사진 눈길, 최자와의 열애설에 &quot;문자 받았다&quot;",내외경제tv,2019.11.06.,
355,"김희철, 과거 설리와의 사진 재조명, 평소 카톡 대화에서 `아가`",하빗슈,2019.11.06.,
356,"트랙스 정모 나이, &quot;키 이렇게 컸어?&#39; 기타 든 남다른 모습 &#39;감탄&#39;",하빗슈,2019.11.06.,
357,"김희철, 썸녀 두 명에 선택받고 중간 선택 1등‥도티 0표",뉴스엔,2019.11.06.,네이버뉴스
358,"김희철vs정모, 한 여자 두고 기싸움 “두 개의 태양 뜰 수 없어”",뉴스엔,2019.11.06.,네이버뉴스
359,썸바이벌 서혜빈 향한 뜨거운 관심 &quot;서혜빈 1위 차지&quot;,충청리뷰,2019.11.07.,
360,"&#39;썸바이벌1+1&#39; 도티, 중간 선택서 0표… 김희철·서혜빈 1등",경인일보,2019.11.07.,
361,"‘음악당’ 브아걸, 4년만에 완전체 라이브 무대...가인 눈물 펑펑 쏟은 사연은?",서울경제,2019.11.07.,네이버뉴스
362,박 시장 &quot;중기협동조합 육성조례 제정 지원&quot;,인천일보,2019.11.07.,
363,“미운 우리 새끼” 드물게 폭풍 당황하는?,폴리뉴스,2019.11.07.,
364,母들은 정말 보고 싶었다면서 건강하게 나와서 ˝미운우리새끼˝,제주교통복지신문,2019.11.07.,
365,"김희철 vs 정모, 썸녀 두고 벌인 사랑과 전쟁 ‘썸바이벌’[어제TV]",뉴스엔,2019.11.07.,네이버뉴스
366,"0표 도티, 썸녀 향한 직진 통했다‥극적 커플 매칭[결정적장면]",뉴스엔,2019.11.07.,네이버뉴스
367,&#39;썸바이벌&#39; 김정모 &quot;제일 설레는 스킨십은…&quot; 솔직 고백,마이데일리,2019.11.07.,네이버뉴스
368,"&#39;썸바이벌&#39; 김희철 &quot;김정모, 과거 썸녀 때문에 울며 망가지겠다고&quot; 폭로",마이데일리,2019.11.07.,네이버뉴스
369,&#39;썸바이벌&#39; 김희철 &quot;스킨십 자체를 굉장히 좋아해서…&quot; 솔직 고백,마이데일리,2019.11.07.,네이버뉴스
370,박수홍은 전날 과음한 탓에! ˝미운우리새끼˝,농기자재신문,2019.11.07.,
371,힘들게 살았구나라며~? &#39;미운우리새끼&#39;,업코리아,2019.11.07.,
372,없다면서 아날로그감성을 느껴보자고 말했다. &#39;미운우리새끼&#39;,경남데일리,2019.11.07.,
373,"썸바이벌1+1, 남자 솔로 연예인 특집 시청률 자체 최고",여행레저신문,2019.11.07.,
374,"썸바이벌1+1, 남자 솔로 연예인 특집 시청률 자체 최고",당진신문,2019.11.07.,
375,어제자 김희철 유튜브 생방송에 나온 스핑크스 고양이 (영상),위키트리,2019.11.07.,
376,‘미운우리새끼’ 김희철은 고향친구와 만나 강원도로 떠났다,sbn뉴스,2019.11.07.,
377,&#39;썸바이벌1+1&#39; &#39;김희철 서태훈 도티 김정모&#39; 남자 솔로 연예인 특집.. 시청률 자체 최고,베리타스알파,2019.11.07.,
378,"법원, 강원랜드 임시주주총회 소집허가",국제뉴스,2019.11.07.,
379,"김희철, 라이브 방송에 설리 고양이 &#39;고블린&#39; 등장?…&quot;비밀이다&quot;",톱스타뉴스,2019.11.07.,
380,공직선거법 위반 혐의 이옥철 경남도의원 벌금 200만원 선고,연합뉴스,2019.11.07.,네이버뉴스
381,"[POP이슈]&quot;故설리 고양이 &#39;고블린&#39;?&quot;..김희철, 라이브 방송 중 고양이 등장→&quot;비밀이다&quot;",헤럴드POP,2019.11.07.,네이버뉴스
382,"설리 반려묘?…김희철, 유튜브 방송 난입 ‘고양이 정체’ 궁금증 증폭",헤럴드경제,2019.11.07.,네이버뉴스
383,"김희철, 방송 중 고양이 등장→故 설리 반려묘 추정",스포츠투데이,2019.11.07.,
384,"김희철 고양이, 설리가 키우던 고블린? 팬들 질문에 &quot;비밀&quot;",넥스트데일리,2019.11.07.,
385,"김희철 고양이, 혹시 故설리 반려묘?",머니S,2019.11.07.,네이버뉴스
386,"김희철 고양이, 방송 중 깜짝 등장..스핑크스는 故설리 반려묘?",MBN,2019.11.07.,네이버뉴스
387,김희철 고양이=故설리 반려묘?...팬들 질문에 “비밀” 언급 자제,매일경제,2019.11.07.,네이버뉴스
388,"김희철 고양이, 방송 중 등장…故 설리 반려묘 추측에 “비밀이다”",디지털타임스,2019.11.07.,네이버뉴스
389,김희철이 기르는 &#39;스핑크스&#39; 고양이 정체는? &quot;故 설리 반려묘&quot; 추측,세계일보,2019.11.07.,네이버뉴스
390,김희철 유튜브에 故설리 반려묘 ‘고블린’ 등장?…무슨 일인가 보니,국제신문,2019.11.07.,
391,김희철 유튜브 생방송에 등장한 설리 고양이 &#39;고블린&#39; 닮은 스핑크스,인사이트,2019.11.07.,
392,김희철 유튜브에 등장한 스핑크스 고양이…故설리 반려묘 고블린?,MK스포츠,2019.11.07.,네이버뉴스
393,김희철 유튜브 방송 중 등장한 고양이 정체는?…&quot;비밀이다&quot;,조이뉴스24,2019.11.07.,
394,"선거법 위반 이옥철 경남도의원, 벌금 200만 원 선고",부산일보,2019.11.07.,네이버뉴스
395,"김희철, 방송 중 고양이 깜짝 등장…故 설리 반려묘 추측에 “비밀이다”",스포츠경향,2019.11.07.,네이버뉴스
396,"썸바이벌1+1, 남자 솔로 연예인 특집 시청률 자체 최고",금강일보,2019.11.07.,
397,&#39;미우새&#39; 정준하 깍두기 레시피에 이어 갈비찜까지 &#39;만능 손맛 인증&#39;,톱스타뉴스,2019.11.07.,
398,"강원도교육청, 교복 지원 내년부터 전면 실시",국제뉴스,2019.11.07.,
399,목포시의회 주관 해상케이블카 운행 관계자 간담회 열어,시사매거진,2019.11.07.,
400,"영월군의회, 의장 불신임 결의안 가결",국제뉴스,2019.11.07.,
401,"김희철 방송 중 등장한 고양이, 故 설리 반려묘?…&quot;비밀&quot;",아시아투데이,2019.11.07.,
402,목포시의회 주관... &#39;해상케이블카 운행 관계자 간담회&#39; 열어,뉴스워커,2019.11.07.,
403,공직선거법 위반 혐의 이옥철 도의원 벌금형,경남매일신문,2019.11.07.,
404,이옥철 경남도의원 1심서 의원직 상실형,국제신문,2019.11.08.,
405,&#39;플레이어&#39; 2000년대 방송 스타 서바이벌 동거동락을 패러디한 코너다,업코리아,2019.11.08.,
406,&quot;썸바이벌&quot; 최고의 인기남은 김희철이???,인천일보,2019.11.08.,
407,"썸바이벌 1, 지난주 썸남으로 활약한 김희철이 세 명의~",경남데일리,2019.11.08.,
408,&#39;썸바이벌&#39; 김희철 &quot;두 개의 태양은 뜰 수 없다&quot; 정모와 팽팽한 신경전,블록체인밸리,2019.11.08.,
409,이옥철 경남도의원 의원직 상실형 선고,경남도민일보,2019.11.08.,
410,열자마자 의문의 생명체와...? `미운 우리 새끼`,한국스포츠통신,2019.11.08.,
411,고양이가 눈에 밟혀 집에 데려왔다고?? &quot;미운우리새끼&quot;,광명지역신문,2019.11.08.,
412,목포해상케이블카 안전문제.개선방안 모색,아시아뉴스통신,2019.11.08.,
413,프로듀스 101 조작 논란에…난감해진 G마켓·올리브영,아시아경제,2019.11.08.,네이버뉴스
414,"김희철, 故 설리 반려묘 입양?…생방송 중 &#39;깜짝 등장&#39;",마이데일리,2019.11.08.,네이버뉴스
415,‘미운우리새끼’ 지적하다가 중학교때 가장 좋아하는 과목을 물었다,sbn뉴스,2019.11.08.,
416,"김희철, 생방송 중 깜짝 등장한 고양이...故 설리 반려묘 추측에 “비밀!”",스포츠조선,2019.11.08.,네이버뉴스
417,2019 영월몰 김장맞이 기획전 진행,국제뉴스,2019.11.08.,
418,"정선군, 2019가구주택기초조사 실시",국제뉴스,2019.11.08.,
419,"[스타직찍] 하성운·뉴이스트 아론, 나긋나긋 목소리 자랑하며 라디오 DJ로 활약한 男 아이돌",데일리팝,2019.11.08.,
420,"태백시, 마을건강위원회 발대식 개최",국제뉴스,2019.11.08.,
421,정준하 깍두기레시피? 포인트는 달걀 하나 깨 넣기,데일리스포츠한국,2019.11.08.,
422,[카드뉴스] 아이돌도 한 때는 어딘가의 알바생이었다..?,중도일보,2019.11.08.,
423,"[스타직찍] 소녀시대 태연·청하, 라디오 DJ로 활약한 女 아이돌은 누구?",데일리팝,2019.11.08.,
424,"&#39;아는 형님&#39; 현아♥던, 나이 차·고백 방법 &#39;아형&#39; 美친 질문에 후덜덜",글로벌이코노믹,2019.11.08.,
425,김희철 반려묘를 보고 故 설리의 팬들이 울컥한 이유?,SBS funE,2019.11.08.,네이버뉴스
426,&quot;모델 교체 불가피&quot;…조작 사태 확산에 난감한 올리브영·G마켓(종합),아시아경제,2019.11.08.,네이버뉴스
427,"김희철, 생방송 중 고양이 깜짝 등장…故 설리 반려묘 추측에 &quot;비밀&quot;",엑스포츠뉴스,2019.11.08.,네이버뉴스
428,"정선 아리랑박물관, 11월 인문학 아카데미 개최",국제뉴스,2019.11.08.,
429,영월군 북면 공기1리 농촌체험휴양마을로 신규 지정,국제뉴스,2019.11.08.,
430,"김희철, 故 설리 고양이 입양했나 &quot;비밀&quot;…생방송 중 깜짝 등장→궁금증 UP",OSEN,2019.11.08.,네이버뉴스
431,인천 자체 매립지 조성 선결 조건은 소각시설 확충...&quot;소각장 현대화 사업 소통 늘려야&quot;,경인방송,2019.11.08.,
432,"김희철, 故설리 반려묘 키우는 중? 따뜻하고 남다른 우정",enews24,2019.11.08.,네이버뉴스
433,"&quot;비밀이다&quot;..김희철, 생방중 故설리 반려묘 추정 고블린 깜짝 등장 [종합]",OSEN,2019.11.08.,네이버뉴스
434,"[POP이슈]김희철, 故설리 반려묘 키우나..&#39;비밀&#39;이지만 팬들은 응원 가득",헤럴드POP,2019.11.08.,네이버뉴스
435,"&#39;미우새&#39; 모교 원주 진광중학교 찾은 김희철, 담임교사 보자마자 &#39;눈물&#39;",조이뉴스24,2019.11.09.,
436,&#39;아는 형님&#39; 현아♥이던 커플 동반 출연…&quot;싸우려 해도 싸움 안 돼&quot; 애정 과시,중부일보,2019.11.09.,
437,"[빅데이터 분석]&quot;예능 방송인 브랜드평판 2019년 10월 빅데이터 분석결과...1위 유재석, 2위 박나래, 3위 이효리&quot; ",블록체인밸리,2019.11.09.,
438,김건모 母 이선미 여사 귀환→김희철 성적표 공개 #미우새,광주매일신문,2019.11.09.,
439,"김희철, 생방송 중 고양이 깜짝 등장...故 설리 &#39;고블린&#39; 추측에 &quot;비밀&quot;",뉴스인사이드,2019.11.09.,
440,썸 피크닉에서 썸녀의 솔직 고백이 이어졌다! 썸바이벌 1+1,당진신문,2019.11.09.,
441,`썸바이벌 1` 썸젠가 데이트의 관전 포인트는 한 여자를…,충청매일,2019.11.09.,
442,썸녀의 솔직 고백이…? &#39;썸바이벌 1+1&#39;,한국스포츠통신,2019.11.09.,
443,˝썸바이벌 1+1˝ 잠시 뒤 썸녀는 김희철과,sbn뉴스,2019.11.09.,
444,총 2표를 받았고 중간~ &#39;썸바이벌 1&#39;,광명지역신문,2019.11.09.,
445,&quot;썸바이벌&quot; 정모는 저는 갈게요라며 둘~?,인사이트코리아,2019.11.09.,
446,"김희철, 故 설리 반려묘 입양? 팬들 질문에 &quot;비밀이다&quot; 언급 자제",스타뉴스,2019.11.09.,네이버뉴스
447,&#39;미운우리새끼&#39; 母들은 정말 보고 싶었다면서 건강하게 나와서 너무...,인천일보,2019.11.09.,
448,데이트를 할 수 있는~ ‘썸바이벌 1+1’,제주교통복지신문,2019.11.09.,
449,사이에 둔 김희철과 정모의…? &quot;썸바이벌 1&quot;,업코리아,2019.11.09.,
450,˝썸바이벌 1˝ 소외감을 토로 웃음을~?,폴리뉴스,2019.11.09.,
451,"김희철, 故 설리 반려묘 입양했나?…팬들 질문에 &quot;비밀&quot;",스포츠조선,2019.11.09.,네이버뉴스
452,"김희철 생방 도중 고양이 깜짝 등장, 故설리 반려묘 추측에 “비밀”",뉴스엔,2019.11.09.,네이버뉴스
453,썸바이벌 1… 사이에 둔 김희철과 정모의 삼각관계였다.,일간리더스경제,2019.11.09.,
454,"면서, 신동엽에게 나한테 중성적이라니 기분 나쁘다며 시작부터 포스를?",인사이트코리아,2019.11.09.,
455,소외감을 토로... ˝썸바이벌 1˝,경상일보,2019.11.09.,
456,“미운 우리 새끼” 침대에서 일어나지도 못하고 힘들어했다,농기자재신문,2019.11.09.,
457,"썸바이벌 1, 썸젠가 데이트의 관전 포인트는",농기자재신문,2019.11.09.,
458,&quot;미운 우리 새끼&quot; 도착해 해를 보기 위해...,폴리뉴스,2019.11.09.,
459,슈퍼주니어 희철(김희철) &#39;미운우리새끼&#39;서 성적표 공개?...이선미 여사도 귀환,한국정책신문,2019.11.09.,
460,&#39;썸바이벌&#39; 썸젠가 데이트를 할 기회를 얻었다,경남데일리,2019.11.09.,
461,데이트를 할 수 있는 기회를 얻었다. 썸바이벌,말산업저널,2019.11.09.,
462,"&#39;미운 우리 새끼&#39; 김희철, 정준하 손맛 듬뿍 담긴 깍두기 레시피에 질겁 &quot;형이 우리 엄마야?&quot;",톱스타뉴스,2019.11.09.,
463,"김희철 나이 37세, 진광중학교 성적표 &#39;수&#39; 실종? 설리 고양이 포착에 한 말은",공감신문,2019.11.09.,
464,"김희철, 집에서 설리 고양이 포착? 진광중학교 성적표 공개까지 &#39;화제&#39;",하빗슈,2019.11.09.,
465,현아 &quot;1년 반 동안 던 &#39;짝사랑&#39;해 먼저 사귀자고 고백했다&quot;,인사이트,2019.11.09.,
466,"김희철, 故설리 반려묘 입양? ‘질문에 말 아끼는 모습도..’",서울신문,2019.11.09.,네이버뉴스
467,"‘김희철부터 도티까지’…‘썸바이벌 1+1’, 남자 솔로 연예인 편 자체 최고 시청률 기록",엑스포츠뉴스,2019.11.09.,네이버뉴스
468,"김희철, 진광중학교 방문 &#39;눈물&#39; 흘린 이유는?",충청리뷰,2019.11.09.,
469,"김희철 의동생 설리 고양이 고블린 맡았나,네티즌 관심",국제신문,2019.11.09.,
470,"현아, 이던 2살 나이차이 &quot;열애 인정 당시 이미 2년째 사랑 중&quot; 첫 만남 어땠길래?",공감신문,2019.11.09.,
471,"&#39;아는형님&#39; 현아♥이던, &quot;연애, 1년 반 기다려..같이 예능은 NO&quot;",스타뉴스,2019.11.09.,네이버뉴스
472,&#39;아는 형님&#39; 현아·던 동반 출연 &quot;이번이 처음이자 마지막&quot;,엑스포츠뉴스,2019.11.09.,네이버뉴스
473,"&#39;아는형님&#39; 이던, 팔굽혀펴기로 체력 인증..한손·세손가락 팔굽혀펴기하며 &quot;내 건강 걱정하지 않아도 돼&quot;(2)",톱스타뉴스,2019.11.09.,
474,&quot;애칭은 &#39;자기야&#39;&quot;..&#39;아는 형님&#39; 현아♥던 밝힌 러브스토리 #짝사랑 #고백 #데이트 [종합],OSEN,2019.11.09.,네이버뉴스
475,"[종합]&#39;아는형님&#39; 현아♥이던 커플, 4년차에도 풋풋한 비결은?..칙칙한 아형학교 핑크빛으로 물들였다",톱스타뉴스,2019.11.09.,
476,"‘아는 형님’ 현아♥이던 , 솔직한 러브 스토리에 시청자들 관심 끊이지 않아",국제신문,2019.11.10.,
477,"&quot;처음이자 마지막 동반출연&quot; &#39;아는 형님&#39; 현아♥던, 4년 열애史 다 털었다 [어저께TV]",OSEN,2019.11.10.,네이버뉴스
478,"목포시의회, 해상케이블카 운행 관계자 간담회",뉴스메이커,2019.11.10.,
479,김희철 유튜브 생방 중 고양이 난입하자 故 설리가 키우던 &#39;고블린&#39; 입양설에 &quot;비밀&quot;,금강일보,2019.11.10.,
480,"&#39;아는 형님&#39; 이던, &quot;현아가 먹고 싶는 거 먹으면 제일 맛있어&quot;…애칭까지 공개",톱스타뉴스,2019.11.10.,
481,"&#39;현아♥던&#39;, 짝사랑→연인..형님들 설렌 러브스토리[스타이슈]",스타뉴스,2019.11.10.,네이버뉴스
482,"현아 “던, 카메라 없으면 애교폭발...뽀뽀 귀신”(아는형님)",MBN,2019.11.10.,네이버뉴스
483,"현아 &quot;던, 혀가 짧아도 뽀뽀귀신, 카메라 없으면 사랑꾼 면모 톡톡&quot;",세계일보,2019.11.10.,네이버뉴스
484,"&#39;2살 나이차 이던과 열애&#39; 현아, 심경 담은 자필편지…&quot;얼마나 죽을 죄 졌는지 모르겠다&quot;",골프타임즈,2019.11.10.,
485,"현아, 이던과 열애 중 공개한 자필편지…&quot;얼마나 죽을 죄 졌는지 모르겠다&quot;",국제뉴스,2019.11.10.,
486,정선군 사회복지 공무원 모집 열기 ‘후끈’,국제뉴스,2019.11.10.,
487,"&#39;아는 형님&#39; 현아 &quot;이던, 사랑꾼·뽀뽀 귀신&quot;",아시아타임즈,2019.11.10.,
488,썸바이벌… 소외감을 토로 웃음을…?,인천일보,2019.11.10.,
489,"‘맛남의 광장’ 측 “백종원→김동준, 11일 옥계휴게소서 신메뉴 직접 판매”(공식입장)",뉴스엔,2019.11.10.,네이버뉴스
490,"백종원의 ‘맛남의 광장’, 11일 옥계휴게소에 팝업스토어 개점",텐아시아,2019.11.10.,네이버뉴스
491,"&#39;맛남의 광장&#39; 백종원→김희철, 내일(11일) 옥계휴게소서 첫 장사 시작",엑스포츠뉴스,2019.11.10.,네이버뉴스
492,‘맛남의 광장’ 11일 강원도 옥계 휴게소에서 첫 장사 개시,스포츠동아,2019.11.10.,네이버뉴스
493,"정규 편성 &#39;맛남의 광장&#39;, 11일 옥계 휴게소서 첫 장사 개시→12월 5일 첫방(공식)",OSEN,2019.11.10.,네이버뉴스
494,"백종원의 &#39;맛남의 광장&#39;, 내일(11일) 옥계 휴게소서 첫 장사 개시[공식]",TV리포트,2019.11.10.,네이버뉴스
495,˝썸바이벌 1˝ 썸젠가 데이트의 관전 포인트는?,블록체인밸리,2019.11.10.,
496,"‘맛남의 광장’ 백종원, “11일 옥계휴게소서 신메뉴 직접 판매” [공식]",서울신문,2019.11.10.,네이버뉴스
497,"&#39;맛남의 광장&#39; 백종원·김희철·양세형·김동준, 11일 옥계 휴게소서 첫 장사",아시아투데이,2019.11.10.,
498,&#39;맛남의 광장&#39; 김희철·김동준 가세...옥계휴게소서 강원 특산메뉴 개시,싱글리스트,2019.11.10.,
499,현아 “던 먼저 좋아했다” 이던 현아 열애 과정 보니,국제신문,2019.11.10.,
500,"&#39;맛남의 광장&#39; 백종원, 강원도 특산물 이용한 신메뉴 판매",한스경제,2019.11.10.,
501,침대에서 일어나지도? &quot;미운 우리 새끼&quot;,한국스포츠통신,2019.11.10.,
502,"정규 편성된 &#39;맛남의 광장&#39;, 11일 옥계휴게소에서 첫 장사 개시",YTN,2019.11.10.,네이버뉴스
503,"&#39;2살 나이 차이&#39; 이던과 열애 현아, &quot;얼마나 죽을 죄 졌는지 모르겠다&quot; 자필편지 남긴 사연",조세금융신문,2019.11.10.,
504,"러블리즈 지수X지애X예인, 희철이네 신동한 PC방 출격…&#39;비주얼 폭발&#39;",말산업저널,2019.11.10.,
505,"‘맛남의 광장’, 내일(11일) 첫 팝업스토어 오픈..장소·시간은?",한국일보,2019.11.10.,네이버뉴스
506,&#39;러블리즈&#39; 바랍니다라는 글과 함께 사진이 게재됐다,경상일보,2019.11.11.,
507,손담비 연기 동백 향기만큼 은은했다,한국일보,"<span class=""newspaper"">22면",네이버뉴스
508,[연예뉴스 HOT②] 백종원 ‘맛남의 광장’ 오늘 첫 장사,스포츠동아,2019.11.11.,네이버뉴스
509,"[단독] 김성주·한혜진, &#39;2019 MBC 연기대상&#39; MC 확정",MBC연예,2019.11.11.,네이버뉴스
510,"SBS &#39;맛남의 광장&#39;, 11일 옥계 휴게소에서 첫 장사",노컷뉴스,2019.11.11.,네이버뉴스
511,"김성주·한혜진, 2019 MBC 연기대상 MC 확정 (공식)",YTN,2019.11.11.,네이버뉴스
512,"태백시, 신바람 운동교실 운영",국제뉴스,2019.11.11.,
513,"&#39;미우새&#39; 홍선영, 극한 다이어트→치팅데이 &quot;심장이 뛴다&quot; [엑&#39;s 리뷰]",엑스포츠뉴스,2019.11.11.,네이버뉴스
514,"영월군, 강원도형 청년일자리사업 참여 사업장 모집",국제뉴스,2019.11.11.,
515,"SBS ‘맛남의 광장’, 강릉 옥계휴게소서 영업 개시",세계일보,2019.11.11.,네이버뉴스
516,"더로즈, &#39;스튜디오 음악당&#39; 출격…김희철·김이나·배순탁 감탄 자아내",MBC연예,2019.11.11.,네이버뉴스
517,"더로즈, 김희철·김이나 취향 저격 라이브…전세계 사로잡은 비결",한국일보,2019.11.11.,네이버뉴스
518,"태백시, 청년창업농 경영 진단 분석 컨설팅",국제뉴스,2019.11.11.,
519,[공식] &#39;맛남의 광장&#39; 오늘 11일 옥계 휴게소에서 첫 장사 개시,서울경제,2019.11.11.,네이버뉴스
520,"美 빌보드가 인정한 대표 K밴드 더로즈, &#39;음악당&#39; 상륙",전북일보,2019.11.11.,
521,"김성주X한혜진, 2019 MBC 연기대상 MC 호흡",텐아시아,2019.11.11.,네이버뉴스
522,"&#39;음악당&#39; 더로즈, 美 빌보드가 주목한 꽃미남 밴드..깜짝 즉흥곡 공개",헤럴드POP,2019.11.11.,네이버뉴스
523,"정선군, 여량면 유천리에 천년의 숲 조성 추진",국제뉴스,2019.11.11.,
524,"JYP 수장 박진영, SM 오디션 본 사연은? &quot;내 생애 가장 슬펐던 날&quot;",톱스타뉴스,2019.11.11.,
525,[김희철의 직업군인이야기](47) 부대 민방공 대피훈련이 관사지역 대피소동이 된 &#39;웃지못할 사연&#39;,뉴스투데이,2019.11.11.,
526,사이에 둔 김희철과! 썸바이벌 1,제주교통복지신문,2019.11.11.,
527,&#39;썸바이벌&#39; 정모는 저는 갈게요라며 둘 사이에서…?,일간리더스경제,2019.11.11.,
528,"김희철 나이? 걸그룹 만났냐는 질문에 대답, 과거 발언 &#39;재조명&#39;",공감신문,2019.11.11.,
529,"&#39;걸그룹 만났냐는 질문에 대답?&#39; 김희철 나이, 근황? 과거 발언 눈길",하빗슈,2019.11.11.,
530,총 2표를 받았고 중간 선택 1위의 특권인...? `썸바이벌`,광명지역신문,2019.11.11.,
531,[맛남의 광장] 강원도 옥계휴게소에서 첫 장사 시작,전북일보,2019.11.11.,
532,"강원관광대학교, 2019년 해외현장학습 및 해외 외국어교육 발대식",국제뉴스,2019.11.11.,
533,총 2표를 받았고 중간 선택 ˝썸바이벌 1˝,한국스포츠통신,2019.11.11.,
534,썸바이벌… 소외감을 토로...?,인사이트코리아,2019.11.11.,
535,&#39;썸바이벌 1&#39; 정모는 저는 갈게요라며 둘 사이에서~?,충청매일,2019.11.11.,
536,썸바이벌 1+1… 데이트를 할 수 있는 기회를~,sbn뉴스,2019.11.11.,
537,"SBS 맛남의 광장, 강릉 옥계휴계소에서 첫 장사 시작!",아시아뉴스통신,2019.11.11.,
538,룰라 김지현 &quot;아이 2명 있다&quot; 고1+중2 아들 공개,충청리뷰,2019.11.11.,
539,천정명 나이? &quot;김희철과 같은 대학교&quot; 알고보니 클럽 절친?,공감신문,2019.11.11.,
540,천정명 나이 실화? &quot;김희철과 같은 대학교 동문&quot;,경기도민일보,2019.11.11.,
541,"&#39;스튜디오 음악당&#39; 더로즈, 브리티시 팝의 매력 가득한 라이브 선보여",서울경제,2019.11.12.,네이버뉴스
542,평소 남다른 요리실력을 자랑했던 정준하는…? &#39;미운 우리 새끼&#39;,sbn뉴스,2019.11.12.,
543,정미애 훈남 남편은 누구?,아주경제,2019.11.12.,
544,[연예수첩] “둘이 친구였어?” 뜻밖의 동갑내기 스타들,KBS,2019.11.12.,네이버뉴스
545,김종국은 절친 유세윤 뮤지와 함께 빠지러 뮤직비디오... &#39;미운 우리 새끼&#39;,한국스포츠통신,2019.11.12.,
546,[속보]교사가 장애인 학생 상습 성폭행 의혹,국제뉴스,2019.11.12.,
547,[스타★맞짱②] &quot;예능서도 프로정신 자랑&quot;…&#39;나 혼자 산다&#39; 한혜진,OBS TV,2019.11.12.,네이버뉴스
548,이동욱 토크쇼·대국민 만담 프로그램…12월 주목할 새 예능·시사교양 프로그램,세계일보,"<span class=""newspaper"">A24면",네이버뉴스
549,[건강+] 가을·겨울철 &#39;계절성 정동장애&#39; 주의보,매일신문,2019.11.12.,네이버뉴스
550,"[인터뷰] 강석화X왕군호X히다카 마히로 “기다려 준 팬들에 감사해, 좋은 모습 위해 노력하겠다”",bnt뉴스,2019.11.12.,
551,&#39;프듀X&#39; 출신 강석화 &quot;서바이벌 부담 커..전부 못 보여줘 아쉬워&quot;[화보],헤럴드POP,2019.11.12.,네이버뉴스
552,"[bnt화보] ‘프듀X101’ 강석화 “서바이벌에 대한 부담감 커, 아이돌 꿈꾸며 부담감 떨치고 여러 프로그램 도전해왔다”",bnt뉴스,2019.11.12.,
553,"[bnt화보] 히다카 마히로 “日은 귀여운 아이돌 위주, 스스로 귀여움과 거리 멀다 생각해 한국서 아이돌 되고 싶었다”",bnt뉴스,2019.11.12.,
554,[bnt화보] 왕군호 “저스틴 비버 무대 본 후 아이돌 꿈꿔”,bnt뉴스,2019.11.12.,
555,"[bnt화보] 강석화 “닮은꼴 소리 듣던 이대휘와 친구 소개로 친해져, 서로 고충 나누는 좋은 친구 사이”",bnt뉴스,2019.11.12.,
556,"[bnt화보] ‘프듀X101’ 왕군호 “한국서 생활 1년 6개월, 뚝배기 불고기 제일 좋아해”",bnt뉴스,2019.11.12.,
557,"[bnt화보] 히다카 마히로 “문화와 언어 달라 처음엔 적응 어려워, 이젠 한국 패션과 매운 음식 사랑해”",bnt뉴스,2019.11.12.,
558,"[bnt화보] 강석화 “데뷔 후 ‘아이돌룸’ 꼭 출연하고파, 아이돌로서 매력 어필 요소 많아”",bnt뉴스,2019.11.12.,
559,"[bnt화보] 왕군호 “한국 기획사에 캐스팅 돼 한국행, 엑소-NCT 같은 아이돌 꿈꿔”",bnt뉴스,2019.11.12.,
560,"[bnt화보] 왕군호 “한국 기획사에 캐스팅 돼 한국행, 엑소-NCT 같은 아이돌 꿈꿔”",bnt뉴스,2019.11.12.,
561,[bnt화보] ‘프듀X101’ 히다카 마히로 “오디션 프로그램 참가 후 참을성과 인내심 생겼다”,bnt뉴스,2019.11.12.,
562,"[bnt화보] 강석화 “롤모델? 하이라이트 이기광, BTS 정국처럼 뭐든 잘 하는 만능 엔터테이너”",bnt뉴스,2019.11.12.,
563,&#39;프듀X101&#39; 강석화 &quot;100 노력해도 1만 방송될 때 아쉬움 느껴&quot; [화보],스포츠조선,2019.11.12.,네이버뉴스
564,[bnt화보] 강석화 “어릴 적 조부모님과 살아 트로트 가수 꿈 꿔… 춤·노래가 적성에 맞아 아이돌 데뷔 길 걸어”,bnt뉴스,2019.11.12.,
565,"[bnt화보] ‘프듀X101’ 왕군호 “여러 서바이벌 프로그램 도전하며 무대 경험 생겨, 자연스럽고 여유로워진 내 모습 느껴”",bnt뉴스,2019.11.12.,
566,"[bnt화보] 히다카 마히로 “누군가를 이겨야 내가 살아남는 서바이벌 마음 아파, 함께 잘 되는 프로그램 출연하고 싶어”",bnt뉴스,2019.11.12.,
567,[bnt화보] ‘프듀X101’ 왕군호 “타인에게 행복 전하는 해피바이러스가 내 매력”,bnt뉴스,2019.11.12.,
568,하다카 마히로 &quot;&#39;프로듀스X101&#39; 참여 후 인내심 생겼다&quot; [화보],마이데일리,2019.11.12.,네이버뉴스
569,"태백시, 적극행정 운영 조례안 입법예고",국제뉴스,2019.11.12.,
570,"인천YMCA, 제8대 시의회 우수의원 10명 선정",인천투데이,2019.11.12.,
571,&#39;프듀X&#39; 강석화 &quot;팬들에 더 많은 모습 못 보여줘 아쉽다&quot; [화보],엑스포츠뉴스,2019.11.12.,네이버뉴스
572,"‘프듀X’ 히다카 마히로 “누군가 이겨야 살아남는 시스템, 마음 아팠다”",뉴스엔,2019.11.12.,네이버뉴스
573,‘프듀X101’ 강석화 “100 노력해도 1만 방송될 때 아쉬움 느껴”[화보],매일경제,2019.11.12.,네이버뉴스
574,&#39;프로듀스X101&#39; 강석화 &quot;100 노력해도 1만 방송될 때 아쉬움 느꼈다&quot; [화보],중부일보,2019.11.12.,
575,"&#39;프듀X&#39; 히다카 마히로 &quot;이겨야 살아남는 시스템, 마음 아팠다&quot;(화보)",뉴스컬처,2019.11.12.,
576,정선 북평면 장열2리 가드루마을 2019 기업형 새농촌 우수 마을 수상,국제뉴스,2019.11.12.,
577,"영월군, &#39;다양한 우리쌀 활용교육&#39; 실시",국제뉴스,2019.11.12.,
578,"&#39;음악당&#39; 더로즈, 달달 마이크 퍼포먼스에 김이나 &#39;덕통사고&#39;",싱글리스트,2019.11.12.,
579,[의정인터뷰] 김희철 시의회 산업경제위원장,경기일보,2019.11.12.,
580,인천 YMCA 우수 의원 10명 선정…강원모·김성준·민경서·서정호·손민호·신은호·안병배·윤재상·이병래·조선희,경기일보,2019.11.12.,
581,"노홍철, 음주사건 셀프 디스 &quot;과거 운전 트라우마 있다&quot;",톱스타뉴스,2019.11.13.,
582,"‘금단발 예쁜 어르신과 커플티...’ 최군, 인스타그램을 통해 근황 공개",농기자재신문,2019.11.13.,
583,&#39;금단발 예쁜 어르신과 커플티...&#39; 지난 10일 최군의 인스타그램이 화제,인천일보,2019.11.13.,
584,"‘썸바이벌 1+1’ 오나미, 썸남의 한마디에 울컥···눈물 뚝뚝",텐아시아,2019.11.13.,네이버뉴스
585,"365세이프타운, 2020학년도 수능 수험생 특별할인 이벤트",국제뉴스,2019.11.13.,
586,"&#39;음악당&#39; 더로즈, 팬송 부르며 입맞춤 퍼포먼스…김이나 &quot;입덕 완료&quot;",전북일보,2019.11.13.,
587,영월군 옥동리 본격적인 치매예방 활동 시작,국제뉴스,2019.11.13.,
588,"&#39;음악당&#39; 더로즈, 팬송 부르며 입맞춤 퍼포먼스…김이나 &#39;환호&#39;",텐아시아,2019.11.13.,네이버뉴스
589,"정선군 정보화마을, 자립·사생·교류 활발",국제뉴스,2019.11.13.,
590,"폐특법 개정 법률(안), 14일 산자위 특허소위 상정 심사예정",국제뉴스,2019.11.13.,
591,"&#39;썸바이벌 1+1&#39; 서혜빈, 김희철-정모도 반한 인스타 속 섹시한 일상 &#39;눈길&#39;",톱스타뉴스,2019.11.13.,
592,던은 약해보이지만 알고 보면 강한 남자… &quot;아는 형님&quot;,블록체인밸리,2019.11.14.,
593,&#39;던&#39; 출연하는 것은 상당히???,한국스포츠통신,2019.11.14.,
594,&#39;썸바이벌1+1&#39; &#39;신수지 나다 조정민 오나미&#39; 여자 솔로 연예인 특집.. 시청률 상승,베리타스알파,2019.11.14.,
595,"썸바이벌1+1, 여자 솔로 연예인 특집 지난 주 남자 솔로 연예인특집 보다 높아",시사매거진,2019.11.14.,
596,대세 PC방 &#39;희철이네 신동한 PC방&#39;에 대세 그룹 &#39;온앤오프&#39; 뜨다!,뉴스프리존,2019.11.14.,
597,&#39;레전드클럽 : 희철이네 신동한 PC방&#39; 첫 남자 아이돌 손님은? 온앤오프!,뉴스페이퍼,2019.11.14.,
598,"썸바이벌1+1, 여자 솔로 연예인 특집 지난 주 남자 솔로 연예인특집 보다 높아",남도일보,2019.11.14.,
599,&quot;수험생 여러분 대박나세요&quot;,국제뉴스,2019.11.14.,
600,"태백시, 12월부터 내년 해빙기까지 상수도 급수공사 중지",국제뉴스,2019.11.14.,
601,"썸바이벌1+1, 여자 솔로 연예인 특집 지난 주 남자 솔로 연예인특집 보다 높아",당진신문,2019.11.14.,
602,"영월군, 경력단절여성 구직활동 특별지원금 접수",국제뉴스,2019.11.14.,
603,"정선군, 정부합동평가 우수기관 선정 쾌거",국제뉴스,2019.11.14.,
604,&#39;음악당&#39; 찾은 더로즈에 김희철 &quot;내한 공연이나 마찬가지&quot;,티브이데일리,2019.11.14.,
605,"트랙스 출신 정모, 2집 싱글 &#39;그게 나였으면&#39; 15일 공개...싱어송라이터로 전격 변신",헤럴드POP,2019.11.14.,네이버뉴스
606,"정준하 깍두기 레시피, 미운 우리 새끼 포인트 날달걀 투척",대구일보,2019.11.14.,
607,"트랙스 출신 정모, 싱어송라이터 변신…경험 담은 짝사랑송 발매",한국일보,2019.11.14.,네이버뉴스
608,"마마무 솔라-문별, &quot;우리는 말로 안 싸운다&quot; 주먹친구 인증…&#39;깜짝&#39;",톱스타뉴스,2019.11.15.,
609,"이엘리야, 확고한 이상형에… &quot;밤새 OO할 수 있는 남자&quot;",EBN,2019.11.15.,
610,"이엘리야, 확고한 이상형? &quot;밤새 OO할 수 있는 남자&quot;",이코노믹리뷰,2019.11.15.,
611,"최군, &quot;금단발 예쁜 어르신과 커플티...&quot; 근황공개 눈길",충청매일,2019.11.15.,
612,"최군, 최근 SNS에 &quot;금단발 예쁜 어르신과 커플티...&quot;",인천일보,2019.11.15.,
613,&quot;드라마는 줄고 예능은 늘고&quot; 달라진 방송 판도[SS방송],스포츠서울,2019.11.15.,네이버뉴스
614,&quot;소외된 이웃에 따뜻한 관심을 전한다&quot;,국제뉴스,2019.11.15.,
615,"&#39;미운 우리 새끼&#39; 김희철, 나이 잊은 동안 비주얼…고양이 필터도 완벽 소화 ",톱스타뉴스,2019.11.15.,
616,곽장미 세무사고시회장 &quot;회원 노력도 중요하지만 단체 역할이 필수적&quot;,세정신문,2019.11.15.,
617,해운대를 물들인 &#39;세무사법 개악안 반대&#39; 250개의 빨간띠 물결,세정일보,2019.11.15.,
618,한국세무사고시회 제49회 정기총회…&quot;변호사의 세무대리 전면개방 결사반대&quot; 기치 드높여,조세금융신문,2019.11.16.,
619,태백산국립공원 15일부터 탐방로 일부 통제,국제뉴스,2019.11.16.,
620,"이소라 &quot;20년 전, &#39;X맨&#39; 강호동 무섭다니까 90도 폴더사죄&quot;(아는형님)",싱글리스트,2019.11.16.,
621,"`아는 형님` 이소라, &quot;이상민 때문에 고소영이 탐낸 재킷 망가져&quot;",매일경제,2019.11.16.,네이버뉴스
622,"&#39;아는형님&#39; 205회, &quot;가해자는 기억을 못한대&quot; 강호동 90도 인사하는 유일한 존재? ...이소라는 &#39;O튜브&#39; 채널 순항 중 (1)",톱스타뉴스,2019.11.16.,
623,딘딘 &quot;정규앨범 20곡 수록? 어차피 몇 곡을 내도 적자&quot;(아는형님) [TV캡처],스포츠투데이,2019.11.16.,
624,이소라 &quot;함께 출연하고 싶었던 1순위는 강남&quot;···딘딘 &#39;섭섭&#39; (아는 형님),일간스포츠,2019.11.16.,네이버뉴스
625,딘딘 &quot;방송 중 강호동 대할 때 이수근에 허락 받아&quot; (아는 형님),일간스포츠,2019.11.16.,네이버뉴스
626,"모델 이소라, 나이 몇 살이길래? &quot;20년 전 사건으로 이상민에 앙금 남아&quot;",경인일보,2019.11.16.,
627,"&#39;아는형님&#39; 205회, &quot;힙합계의 박서준&quot; 딘딘 정규앨범 총 20곡! 타이틀곡 메들리 최초공개 ...&quot;딘딘은 딘딘인 게 욕이야?&quot; 작곡계기 고백 (2)",톱스타뉴스,2019.11.16.,
628,딘딘 “김희철 한 말에 영감 받아 가사로 썼다”,뉴스엔,2019.11.16.,네이버뉴스
629,"&#39;아는형님&#39; 이소라, 이상민에 20년된 앙금…&quot;고소영한테도 안판 옷&quot;",뉴스1,2019.11.16.,네이버뉴스
630,이소라 “강남과 함께 출연하고 싶었는데…” 어떤 사이?,국제신문,2019.11.16.,
631,"[종합] &#39;아는형님&#39; 205회, &quot;사랑을 할 줄 안다&quot; 예능천재 민경훈의 신비스러움 대공개! ...이소라 &#39;슈퍼모델 1위&#39; 비결은?",톱스타뉴스,2019.11.16.,
632,"&#39;아는 형님&#39; 이소라x딘딘, 입담+끼 대방출→ 펭수 JTBC 입성 [종합]",OSEN,2019.11.16.,네이버뉴스
633,"[종합] `아는 형님` 이소라X딘딘, 메인요리X반찬 환상 콤비... 펭수, 방과 후 대기실로 JTBC 입성",매일경제,2019.11.16.,네이버뉴스
634,"&#39;아는형님&#39; 이소라 &quot;딘딘은 딘딘&quot; 애정→펭수 &quot;광희, EBS 선배 아냐&quot; 도발 [종합]",엑스포츠뉴스,2019.11.16.,네이버뉴스
635,"[종합]&#39;대세 펭귄&#39; 펭수, &#39;아는형님&#39;도 접수→EBS선배 광희와 매력 대결",스포츠조선,2019.11.16.,네이버뉴스
636,"&#39;아는 형님&#39; 이소라X딘딘, 거침없는 매력+유쾌 입담 feat. 펭수 [종합]",일간스포츠,2019.11.16.,네이버뉴스
637,"이수근 &quot;서장훈, 이소라 좋아했던 것 같아&quot;…서장훈 &#39;당황+해명&#39; (&#39;아는 형님&#39;)",마이데일리,2019.11.17.,네이버뉴스
638,‘아는 형님’ 이소라와 이상민이 20년째 풀지 못한 사연,쿠키뉴스,2019.11.17.,
639,"최군, SNS를 통해 10일 일상공개 &quot;금단발 예쁜 어르신과 커플티...&quot;",인천일보,2019.11.17.,
640,"[리뷰IS] &#39;아형&#39; 이소라X딘딘, 존재감 甲 유쾌 입담→펭수 JTBC 입성",일간스포츠,2019.11.17.,네이버뉴스
641,"&#39;아는형님&#39; 이소라 &quot;이상민, 전세계 2개 가죽재킷 망가뜨려&quot;→&quot;강호동이 90도 인사&quot; 왜?",enews24,2019.11.17.,네이버뉴스
642,`아는형님` 이소라 &quot;원래 동반출연 1순위는 강남이었다&quot;,매일경제,2019.11.17.,네이버뉴스
643,이소라 “다이어트 비디오 제작? 이제 그 여자는 없다” 자폭[결정적장면],뉴스엔,2019.11.17.,네이버뉴스
644,"이소라, 이상민에게 &#39;20년 앙금&#39;…가죽점퍼 때문에?",머니투데이,2019.11.17.,네이버뉴스
645,"이소라 “다이어트 비디오 속 여자, 이제는 없다” 웃음",서울신문,2019.11.17.,네이버뉴스
646,이소라 입담 과시 &quot;다이어트 비디오? 이제 그 여자는 없다&quot;,뉴시스,2019.11.17.,네이버뉴스
647,&#39;아형&#39;서 흥 폭발한 이소라 &quot;장가 간 강남 대신 딘딘과 나왔다&quot;,세계일보,2019.11.17.,네이버뉴스
648,이소라 &quot;소통 위해 유튜브 시작…다이어트 비디오는 NO&quot;,더팩트,2019.11.17.,네이버뉴스
649,이소라 &quot;100세시대라 유튜브 시작…다이어트 비디오 잊어달라&quot;,한국경제,2019.11.17.,네이버뉴스
650,유튜버 변신 이소라 &quot;다이어트 비디오? 이제 그 여자 없다&quot;,데일리안,2019.11.17.,네이버뉴스
651,모델 이소라 유튜버로 변신한 이유는?,헤럴드경제,2019.11.17.,네이버뉴스
652,EBS 펭수 “내 꿈은 우주대스타” 발언에 뿔난 아이돌 팬덤 [헉스],파이낸셜뉴스,2019.11.17.,네이버뉴스
653,"태백시노인복지관, 프로그램 발표회 및 작품 전시회 개최",국제뉴스,2019.11.18.,
654,"영월군, 지역정착지원형 청년일자리 사업 참여자 모집",국제뉴스,2019.11.18.,
655,‘아는형님’ 이소라 “이상민 때문에 세상에 2개뿐인 옷 버려” 20년 앙금 고백,스포츠조선,2019.11.18.,네이버뉴스
656,"모델 이소라, 손미나 전 아나운서와 다정한 모습…&#39;나이-결혼 여부에 관심↑&#39;",톱스타뉴스,2019.11.18.,
657,"[김희철의 전쟁사](14) 이승만이 맛본 수통의 압록강물, 통일 기쁨은 비극의 시작",뉴스투데이,2019.11.18.,
658,"인디 밴드 새소년, &#39;음악당&#39; 출연..김이나-김희철-배순탁도 감탄[공식]",헤럴드POP,2019.11.18.,네이버뉴스
659,"태백산국립공원, 함백산 폐전신주 철거 완료",국제뉴스,2019.11.18.,
660,미얀마 양곤 이노시티 복합부동산 투자설명회,한국일보,2019.11.18.,네이버뉴스
661,"정선군, 도내 첫 버스완전공영제 추진",국제뉴스,2019.11.18.,
662,"중기중앙회, 중소기업 최고경영자과정 제13기 수료식 개최",뉴스핌,2019.11.18.,
663,"중기중앙회, &#39;KBIZ 中企 최고경영자과정&#39; 13기 수료식 개최",뉴스1,2019.11.18.,네이버뉴스
664,"중기중앙회, KBIZ AMP 제13기 수료식 개최",아시아투데이,2019.11.18.,
665,중소기업 최고경영자과정 13기 수료식 개최,이투데이,2019.11.18.,
666,중소기업 최고경영자과정(KBIZ AMP) 제13기 수료식 개최,한국경제,2019.11.18.,네이버뉴스
667,모델 이소라 &quot;다이어트 콘텐츠 제작? 이제 그 여자는 없다&quot;,조이뉴스24,2019.11.18.,
668,"&#39;음악당&#39;, 밴드 새소년 출연... 김이나-배순탁, 팬심 드러내 &#39;눈길&#39;",스타데일리뉴스,2019.11.18.,
669,"검찰, &#39;강원랜드 채용비리&#39; 염동열 의원 징역 3년 구형",국제뉴스,2019.11.18.,
670,IFEZ &quot;외자 유치서 산업 육성으로 변경해야&quot;,경인일보,2019.11.18.,
671,"이유비 나이? 김희철과의 연결고리는 엄마 견미리, 과거 방송 &#39;재조명&#39;",내외경제tv,2019.11.18.,
672,"&#39;김희철과의 연결고리는 엄마 견미리&#39; 이유비 나이, 근황? 과거 방송 눈길",공감신문,2019.11.18.,
673,태백시 황연동 댄스동아리 &#39;푸아니니&#39; 널리 알린다,국제뉴스,2019.11.19.,
674,&#39;2019강원문화 대축전&#39; 20일 정선아리랑센터에서 열린다,국제뉴스,2019.11.19.,
675,"정선소방서, 삼탄아트마인에서 합동소방훈련",국제뉴스,2019.11.19.,
676,성윤모 산업장관 &quot;국내 투자에 과감한 세제혜택 지원”,머니투데이,2019.11.19.,네이버뉴스
677,성윤모 산업부 장관 &quot;제조업 르네상스 성과 주력&quot;,뉴스핌,2019.11.19.,
678,성윤모 &quot;제조업 르네상스 위해 투자법령 정비·세제 지원&quot;,연합뉴스,2019.11.19.,네이버뉴스
679,성윤모 산업장관 &quot;정부 정책에 민간 350조 원 투자로 화답…車·조선 반등 전기 마련&quot;,이투데이,2019.11.19.,
680,"산업부 제조업 르네상스 중간점검…&quot;순환 생태계 조성, 투자 활성화 집중&quot;",IT조선,2019.11.19.,
681,"&#39;글로벌 인기남&#39; 방탄소년단 정국, &#39;슈퍼스타 배우→래퍼&#39; 국적·성별 불문한 &quot;셀렙 중 최고&quot;",세계일보,2019.11.19.,네이버뉴스
682,성윤모 산업 장관 “민간 투자 계획 적기 이행위해 1대1 밀착지원”,헤럴드경제,2019.11.19.,네이버뉴스
683,"정부-업계, ‘제조업 르네상스 라운드 테이블’ 개최",디지털데일리,2019.11.19.,네이버뉴스
684,성윤모 산업부 장관 &quot;신산업 민간 투자 적기 지원&quot;,전자신문,"<span class=""newspaper"">28면1단</span>",네이버뉴스
685,"(참고자료)산업부, 제조업 르네상스를 위한 성과창출과 투자활성화에 주력",정책브리핑,2019.11.19.,네이버뉴스
686,제조업 르네상스 라운드 테이블,뉴시스,2019.11.19.,네이버뉴스
687,성윤모 &quot;제조업 수출·고용 어려워..미흡한 정책 과감히 보완하겠다&quot;,파이낸셜뉴스,2019.11.19.,네이버뉴스
688,[사진] &#39;제1차 제조업 르네상스 라운드테이블&#39;,뉴스핌,2019.11.19.,
689,"대기업 CEO 불러모은 성윤모, 제조업 르네상스 공치사",스카이데일리,2019.11.19.,
690,성윤모 &quot;제조업 활성화 위해 법 정비·세제 지원&quot;,아주경제,2019.11.19.,
691,"사회연대은행, ‘사랑의 금융 119’ 진행… 관계기관과 협약",여행레저신문,2019.11.19.,
692,성윤모 &quot;제조업 르네상스 위해 성과창출과 투자활성화 주력&quot;,뉴스웍스,2019.11.19.,
693,"사회연대은행, 취약계층에 긴급대출…&#39;사랑의 금융 119&#39; 스타트",아이뉴스24,2019.11.19.,네이버뉴스
694,산업부 &quot;제조업 르네상스 성과 창출・투자활성화 주력&quot;,에너지데일리,2019.11.19.,
695,"썸바이벌1+1, 여자 솔로 연예인 특집 남자 솔로 연예인특집 보다 인기",충청리뷰,2019.11.19.,
696,"문가영 나이? 전현무와 새벽 1시 호텔에서 마주쳐, 집안 등 &#39;재조명&#39;",내외경제tv,2019.11.19.,
697,"&#39;전현무와 새벽 1시 호텔에서 마주쳐&#39; 문가영 나이, 근황? 집안 눈길",공감신문,2019.11.19.,
698,"&#39;아는형님&#39; 이소라, 유튜브 시작한 계기 &quot;젊은 사람들과 소통하기 위해&quot;",경상일보,2019.11.20.,
699,"아는 형님, 등장부터 남다른 존재감을 과시했다?",블록체인밸리,2019.11.20.,
700,&quot;아는형님&quot; 누나들과 나오는 이유를?,광명지역신문,2019.11.20.,
701,`아는 형님` 이소라는 첫 등장부터 남다른!,말산업저널,2019.11.20.,
702,"태백시의회, 제242회 2차 정례회 개최",국제뉴스,2019.11.20.,
703,"사회연대은행, 사회복지공동모금회등과 함께 금융취약계층 지원 나서",데일리경제,2019.11.20.,
704,"&#39;아는형님&#39; 이소라 &quot;이상민, 전세계 2개 가죽재킷 망쳤다&quot; 이상민 &quot;지금은 못 사줘&quot;",한국스포츠통신,2019.11.20.,
705,"정선군의회, &quot;농·특산물 품목의 홍보 마케팅 전략은?&quot;",국제뉴스,2019.11.20.,
706,[김희철의 전쟁사](15) 미 7사단의 압록강 기념촬영은 맥아더 추락과 더 많은 피를 불러와,뉴스투데이,2019.11.20.,
707,"신재생에너지協, 문철환 신임 상근부회장 선임",투데이에너지,2019.11.20.,
708,"신재생에너지協, 문철환 상근부회장 취임",가스신문,2019.11.20.,
709,"안미나, 故 마광수 과제 김희철에 도움 요청? “만나기만 하면 그 이야기”",환경일보,2019.11.20.,
710,"지연되는 지방도 공사, 50년 걸려야 마무리",광주MBC,2019.11.20.,
711,"지연되는 지방도 공사, 50년 걸려야 마무리",목포MBC,2019.11.20.,
712,"이정은, 알고보니 이효리 연기 스승? &quot;결정적인 순간에…&quot;",EBN,2019.11.20.,
713,&#39;아는형님&#39; 모델 이소라 &quot;이상민 때문에 고소영에게도 안 판 옷 버렸다&quot;,조이뉴스24,2019.11.21.,
714,"이정은, 이효리 연기 스승된 이유? &quot;결정적인 순간에…&quot;",이코노믹리뷰,2019.11.21.,
715,"신재생에너지협회, 문철환 상근부회장 선임",이투뉴스,2019.11.21.,
716,"지연되는 지방도 공사, 50년 걸려야 마무리",목포MBC,2019.11.21.,
717,"정선군자원봉사센터, 읍·면 순회 간담회 개최",국제뉴스,2019.11.21.,
718,"영월군, 관내 농업인 대상 불용농기계 우선매각",국제뉴스,2019.11.21.,
719,정선군 가수리 가탄마을에 동강 전통 섶다리 재현,국제뉴스,2019.11.21.,
720,[인터뷰] VSG TV &quot;상생모델로 게임업계 힘 보탤 것&quot;,머니S,2019.11.21.,네이버뉴스
721,&#39;미운 우리 새끼&#39; 결방 후 슬리피 &#39;생활고&#39; 고백-김희철VS최시원 &#39;비주얼&#39; 대결 예고  ,톱스타뉴스,2019.11.21.,
722,&#39;아는형님&#39; 앨범 뮤직비디오에 출연할 수 있었다,말산업저널,2019.11.22.,
723,&#39;아는형님&#39; 소통하기 위해 시작했다고 설명했다,광명지역신문,2019.11.22.,
724,"태백시, &#39;대한민국 겨울축제 부문&#39; 2년 연속 최우수상",국제뉴스,2019.11.22.,
725,결혼정보회사 퍼플스가 말하는 상위 1% 신혼집은 어디일까?,한국목재신문,2019.11.22.,
726,"&#39;미운 우리 새끼&#39; 김희철, 금발 왕자 비주얼로 햄버거 먹방…&quot;19살 때 공장에서 먹었던&quot;",톱스타뉴스,2019.11.22.,
727,이소라는 무리한 다이어트로 실신한 적 있다고 밝혔다??? 아는 형님,경인매일,2019.11.22.,
728,이소라는 모델 출신답게 당당하게 워킹을 하며 교실에… &quot;아는형님&quot;,인사이트코리아,2019.11.22.,
729,"김희철 고시회 사업부회장 &quot;세무사법 개정안, 헌재 판결 취지대로 해결돼야&quot;",세정신문,2019.11.22.,
730,"신동 17kg 체중감량, 116kg→ 99kg...“절반도 안 왔다”",매일경제,2019.11.22.,네이버뉴스
731,당당한 워킹으로... 아는 형님,경남데일리,2019.11.22.,
732,이소라는 20년 전 강호동과 예능에서의...? `아는형님`,일간리더스경제,2019.11.22.,
733,"신동, 17kg 감량 근황 공개…&quot;몰라보게 달라진 비주얼&quot;",영남일보,2019.11.22.,
734,"[종합] 신동 체중감량, 동료들 응원 봇물…4주만에 놀라워",스포츠동아,2019.11.22.,네이버뉴스
735,"정선군, 군민안전 방범용 CCTV 31대 추가 설치",국제뉴스,2019.11.22.,
736,영월군 창업 지원사업 참여 청년창업자 모집,국제뉴스,2019.11.22.,
737,&#39;116㎏→99㎏&#39; 신동 체중감량 비법은? &quot;4주 만에 17㎏ 빼려면…&quot;,세계일보,2019.11.22.,네이버뉴스
738,"&#39;아는 형님&#39; AOA, 설현 허벅 장단 대결 신청",글로벌이코노믹,2019.11.22.,
739,"이노경영기술원, 호텔수성서 ‘미얀마 양곤 투자설명회’",영남일보,2019.11.23.,
740,"&#39;아는형님&#39; 206회, 3년 만에 다시 온 &#39;날 보러 와요高&#39; AOA ...&quot;퀸덤 때 초심으로&quot; 성공적인 5인조 재편성과 재계약을 한 AOA (1)",톱스타뉴스,2019.11.23.,
741,"AOA “데뷔 시절 천사 이름 있었다, 우리의 흑역사”",뉴스엔,2019.11.23.,네이버뉴스
742,"&#39;아는형님&#39; 206회, &quot;진짜 많이 힘들었잖아 우리&quot; AOA 탈퇴멤버 초아, 민아... 5인조 컴백을 위해 &#39;고마움&#39; 언급 (2)",톱스타뉴스,2019.11.23.,
743,"[종합] &#39;아는형님&#39; 206회, &quot;그게 몇 화야?&quot;설현 키스신 에피소드 대공개! ...AOA 탈퇴멤버 제외한 5인조 컴백, 문 헌터(Moon-Hunter) 콘셉트 신곡 무대 공개",톱스타뉴스,2019.11.23.,
744,"강승연 PD &quot;김기범, &#39;썸바이벌1+1&#39; 후 밝아졌다며 고맙다고 연락…시즌2도 기대&quot;[SS인터뷰②]",스포츠서울,2019.11.24.,네이버뉴스
745,&#39;썸바이벌1+1&#39; 강승연 PD &quot;리얼한 썸에 초점…실제 커플 탄생하기도&quot;[SS인터뷰①],스포츠서울,2019.11.24.,네이버뉴스
746,최시원 ‘미우새’ 출격 “김희철 관련 폭로에 母 진땀”[오늘TV],뉴스엔,2019.11.24.,네이버뉴스
747,"&#39;미우새&#39; 슈퍼주니어 최시원, 김희철母 진땀 흘리게 한 폭로는?",OSEN,2019.11.24.,네이버뉴스
748,"[투데이TV]&#39;미우새&#39; 최시원, 스페셜MC 출격…시원시원 입담에 母벤져스 극찬",헤럴드POP,2019.11.24.,네이버뉴스
749,&#39;미운 우리새끼&#39; 최시원 &quot;김희철과 한 침대 써.. 매일 눈물 흘려&quot;,이데일리,2019.11.24.,네이버뉴스
750,"&#39;미운 우리 새끼&#39; 최시원 &quot;김희철 기분 좋아지면 걱정된다&quot;, 왜?",매일신문,2019.11.24.,네이버뉴스
751,"&#39;미우새&#39; 최시원, 시원한 입담…모벤져스 &quot;말을 어쩜 그리 재밌게~&quot;",SBS funE,2019.11.24.,네이버뉴스
752,&#39;미우새&#39; 최시원 &quot;김희철과 한 침대 쓸 때 매일 밤 눈물로 베개 적셨다&quot;,텐아시아,2019.11.24.,네이버뉴스
753,"‘미우새’ 최시원 “멤버들, 김희철 기분 좋아지면 걱정”…김기복 면모 공개",한국일보,2019.11.24.,네이버뉴스
754,"&#39;미우새&#39; 슈주 최시원, 김희철 폭로·사이다 입담 &#39;맘심 저격&#39;",싱글리스트,2019.11.24.,
755,‘미우새’ 최시원 “매일 밤 눈물로 베개 적셔” 김희철母 진땀,스포츠동아,2019.11.24.,네이버뉴스
756,&#39;미우새&#39; 최시원 &quot;김희철과 한 침대 사용..매일밤 울었다&quot;,스타뉴스,2019.11.24.,네이버뉴스
757,"‘미우새’ 최시원, 김희철과 한 침대 쓰며 눈물 흘린 사연은?",매일경제,2019.11.24.,네이버뉴스
758,153억 김환기 &#39;우주&#39; 누가 샀을까?...동원건설家 구매 소문,뉴시스,2019.11.24.,네이버뉴스
759,"&#39;미우새&#39; 최시원 &quot;슈주 멤버들, 김희철 기분 좋아지면 걱정&quot;",일간스포츠,2019.11.24.,네이버뉴스
760,"&#39;미우새&#39; 최시원, 김희철母 진땀 흘리게 한 폭풍 폭로 [포인트:컷]",엑스포츠뉴스,2019.11.24.,네이버뉴스
761,[人더컬처] 새 소속사 찾은 정모 “신해철 선배가 소개해준 느낌이에요”,브릿지경제,2019.11.24.,
762,&#39;미운 우리 새끼&#39; 김희철母 진땀 흘리게 한 최시원의 폭풍 폭로는?,스타데일리뉴스,2019.11.24.,
763,정선군 내년 예산 4510억원 역대 최대규모,국제뉴스,2019.11.24.,
764,“어머니가...” 진짜 금수저 중의 금수저라는 AOA 찬미,위키트리,2019.11.24.,
765,"정준하 깍두기 레시피, 미운 우리 새끼 재방송에 관심 집중",넥스트데일리,2019.11.24.,
766,&#39;미우새&#39; 최시원 &quot;김희철 기분 좋아지면 걱정돼&quot; 연이은 폭로,스포츠한국,2019.11.24.,
767,&#39;맛남의 광장&#39; 덕유산 휴게소 방문…25일 11시 30분부터 장사 오픈,엑스포츠뉴스,2019.11.24.,네이버뉴스
768,"&#39;맛남의 광장&#39; 백종원·양세형·김희철·김동준, 25일 덕유산 휴게소 뜬다[공식]",OSEN,2019.11.24.,네이버뉴스
769,"&#39;미운 우리 새끼&#39; 최시원, 시원시원한 입담으로 母벤져스 맘심 저격",서울경제,2019.11.24.,네이버뉴스
770,"&#39;맛남의 광장&#39; 백종원X김희철, 덕유산 휴게소 오픈…전북 장수군 특산음식은?",싱글리스트,2019.11.24.,
771,다음주 &#39;아형&#39; 나와 사장님 박진영에게 반말로 &#39;극딜&#39;하는 트와이스 다현,인사이트,2019.11.24.,
772,‘맛남의 광장’ 두 번째 ‘맛남의 장소’는 덕유산 휴게소…전북 장수군의 특산물 음식은?,스포츠경향,2019.11.24.,네이버뉴스
773,백종원 덕유산에 떴다…‘맛남의 광장’ 메뉴 출시,스포츠월드,2019.11.24.,네이버뉴스
774,"&#39;미우새&#39; 최시원, 김희철 폭풍 폭로로 김희철母 당황",스포츠조선,2019.11.24.,네이버뉴스
775,‘미우새’ 최시원 “김희철과 한 침대 쓸 때 매일밤 눈물”,서울신문,2019.11.24.,네이버뉴스
776,진정한 &#39;금수저&#39; AOA 찬미 &quot;母 청소년들에게 무료숙식제공&quot;,머니투데이,2019.11.24.,네이버뉴스
777,‘맛남의 광장’ 측 “내일(25일) 덕유산 휴게소서 두 번째 장사 시작”,매일경제,2019.11.24.,네이버뉴스
778,"김희철, 나이 37세 실화? 고양이 사건? &#39;키+학력&#39;...&quot;인스타그램 속 햄버거 먹방&quot;",내외경제tv,2019.11.24.,
779,&#39;미운우리새끼&#39; 최시원 &quot;김희철 감정기복… 기분 좋아지면 걱정돼&quot; 폭로,중부일보,2019.11.24.,
780,"김희철 시의원, 아시아생물공학연합체 감사패 받아",경기신문,2019.11.24.,
781,"[TV알리미] ‘미우새’ 최시원, 김희철母 진땀 흘리게 한 사연은?",스포츠월드,2019.11.24.,네이버뉴스
782,"‘미운 우리 새끼’ 슬리피, 담담하게 ‘생활고’ 고백",뉴스컬처,2019.11.24.,
783,"[친절한 프리뷰] &#39;미운우리새끼&#39; 슈퍼주니어 최시원, 이름 만큼 시원한 입담",아시아투데이,2019.11.24.,
784,"&#39;미우새&#39; 김희철 母, 최시원 출연에 &quot;슈퍼주니어 비주얼 담당? 김희철&quot;",비즈엔터,2019.11.24.,
785,‘미우새’ 신동엽 “김건모 결혼 축하…못갈 줄 알았는데 천사가 나타났다”,MK스포츠,2019.11.24.,네이버뉴스
786,최시원 만난 김희철 母 &quot;슈퍼주니어 비주얼담당(비담)은…&quot; 나이는? &#39;미운우리새끼&#39; [★픽],톱스타뉴스,2019.11.24.,
787,"&#39;미우새&#39; 최시원 &quot;김희철 모습, 경락받을 때 나오더라&quot; 너스레",SBS funE,2019.11.24.,네이버뉴스
788,"장지연♥김건모, 프로포즈 현장 공개 &quot;그대와 나 영원히&quot; 감동! 부부의 나이 차이는? 결혼은 5월로 연기 &#39;미운우리새끼&#39; [★픽] ",톱스타뉴스,2019.11.24.,
789,&#39;미우새&#39; 김희철 母 &quot;슈퍼주니어 비주얼 담당? 최시원 아닌 아들&quot;,스포츠투데이,2019.11.24.,
790,"이상민·슬리피, 생활고 선·후배의 무한리필 소고기뷔페 맛집行…딘딘, 김종국에 &#39;돌&#39; 선물? 김희철, 고향 원주서 첫사랑 공개! &#39;미운우리새끼&#39; [★픽]",톱스타뉴스,2019.11.24.,
791,"&#39;미우새&#39; 최시원, 신동엽 황당 미담 공개→딸에게 소개해주기 싫은 아들은 김희철",스포티비뉴스,2019.11.24.,네이버뉴스
792,김희철 원주 진광중학교 찾아 확인한 성적표 보니,국제신문,2019.11.24.,
793,"`미우새` 최시원, &quot;희철이 형 섬세해서 선 넘으면 발길질 해&quot;",매일경제,2019.11.24.,네이버뉴스
794,최시원 &#39;미우새&#39;서 &quot;김희철과 한 침대 썼다. 고충 알아&quot;,아시아뉴스통신,2019.11.24.,
795,"[종합]&#39;미우새&#39; 슬리피, 위축된 상추 3장…이상민 &quot;2장씩 싸먹어라&quot;",헤럴드POP,2019.11.24.,네이버뉴스
796,"[스브스夜] &#39;미우새&#39; 이상민, 생활고 털어놓은 슬리피에 &quot;당분간 고기 무한리필&quot; 응원",SBS funE,2019.11.24.,네이버뉴스
797,"&#39;미우새&#39; 이상민X슬리피, 생활고 잊은 힐링데이…김건모, 장지연 위한 눈물 이벤트[종합S]",스포티비뉴스,2019.11.24.,네이버뉴스
798,"[종합] `미우새` 김희철, 우주대스타 금의환향... 김건모, 예비신부에 피아노 프러포즈",매일경제,2019.11.24.,네이버뉴스
799,"김희철 친구 건희, 러브장 추억소환? “너에게만 주고 싶은 우유”",환경일보,2019.11.24.,
800,"최시원 &quot;김희철 진정한 모습, 경락받을 때 나온다&quot;",부산일보,2019.11.24.,네이버뉴스
801,"&quot;러브장, 어릴 때 이러고 놀았다고?&quot;…&#39;미우새&#39; 김희철 &#39;깜짝&#39;",데일리한국,2019.11.24.,
802,"최시원, 남다른 학창시절 사진 보니? &#39;귀티좔좔&#39;",브릿지경제,2019.11.24.,
803,김희철 &quot;처음 여자친구 생긴 건 22살?&quot;,스페셜경제,2019.11.24.,
804,"김희철 친구 건희, `스타킹`에도 출연했다? 직업 뭐길래, 다른 슈퍼주니어 멤버들과도 친분",F.E타임스,2019.11.24.,
805,자연 미인 인증받은 김희철?…과거 코 수술 고백 &quot;성형 욕구 샘 솟아&quot;,뷰어스,2019.11.24.,
806,"김희철 친구 건희 누구? 20년 넘는 진짜 친구, &#39;스타킹&#39;서 화려한 퍼포먼스",내외경제tv,2019.11.24.,
807,러브장 무엇?..&quot;사귀는 동안 매일 편지를 쓴다&quot;,스페셜경제,2019.11.24.,
808,"과거 성형 고백했는데…고향 지인, 김희철 자연 미인으로 알아봐",울산종합일보,2019.11.24.,
809,"김희철, 첫사랑 고백 &quot;누나가 자꾸 뽀뽀해서 헤어졌어&quot;",스트레이트뉴스,2019.11.25.,
810,김희철 &quot;첫 여친은 22살 때…자꾸 뽀뽀하려고 해서 헤어져&quot; 폭소 (&#39;미우새&#39;),마이데일리,2019.11.25.,네이버뉴스
811,"&#39;미우새&#39; 김희철, &quot;22살 때 만난 첫 여친, DVD방에서 자꾸 뽀뽀해서 헤어져&quot;",한국경제,2019.11.25.,네이버뉴스
812,"&#39;미운 우리 새끼&#39; 김희철, 20대 때 다닌 미용실 발견…리즈 시절 미모는?",톱스타뉴스,2019.11.25.,
813,나눔과 포용 실천한 &#39;기초단체 4곳&#39; 선정,인천일보,2019.11.25.,
814,AFOB 발전기여 감사패 수상,인천일보,2019.11.25.,
815,"‘미우새’ 최시원 “김희철과 한 침대 사용, 선 넘으면 큰일 난다”",MBN,2019.11.25.,네이버뉴스
816,김환기 &#39;우주&#39; 송자호 낙찰?,충청리뷰,2019.11.25.,
817,"&quot;사람들이 쌀도 보내줘&quot;…&#39;미우새&#39; 슬리피, 담담한 생활고 고백[SS리뷰]",스포츠서울,2019.11.25.,네이버뉴스
818,"[어게인TV]&#39;미우새&#39; 김희철, SM오디션 붙었던 원주 미용실→알바하던 고깃집 찾았다",헤럴드POP,2019.11.25.,네이버뉴스
819,"&quot;자꾸 뽀뽀하잖아&quot; &#39;미우새&#39; 김희철, 22살 첫사랑과 헤어진 이유[핫TV]",OSEN,2019.11.25.,네이버뉴스
820,"‘미우새’ 슬리피 생활고 고백에 시청률 19.6%, 최고의 1분",뉴스엔,2019.11.25.,네이버뉴스
821,"&#39;미우새&#39; &quot;지인이 사준 것 뿐인데&quot; 슬리피, 생활고 고백‥최고의 1분",헤럴드POP,2019.11.25.,네이버뉴스
822,[간밤의 TV] 미우새 “지인이 사준 것 뿐인데” 슬리피의 생활고 고백 &#39;최고의 1분&#39;,아주경제,2019.11.25.,
823,‘미운우리새끼’ 슬리피 생활고 고백 “지인이 사준 것뿐인데” 19.6% 최고의 1분,스포츠동아,2019.11.25.,네이버뉴스
824,&quot;지인이 사준 것 뿐인데&quot;…&#39;미우새&#39; 슬리피의 생활고 고백 &#39;최고의1분 19.6%&#39;,스포츠조선,2019.11.25.,네이버뉴스
825,"“지인이 사준 것 뿐인데”… ‘미우새’ 슬리피의 생활고 고백, 19.6% 최고의 1분 [간밤TV]",스포츠경향,2019.11.25.,네이버뉴스
826,"김희철 “22살 때 첫사랑, DVD방서 자꾸 뽀뽀해 결별”[결정적장면]",뉴스엔,2019.11.25.,네이버뉴스
827,‘미우새’ 슬리피 “생활고 고백 후 불쌍하게 볼까 사람 많은 곳 못가” [M+TV인사이드],MBN,2019.11.25.,네이버뉴스
828,슬리피 생활고 “사람 많은 곳 못가”…‘미우새’ 최고 19.6% [MK★TV시청률],MK스포츠,2019.11.25.,네이버뉴스
829,"&#39;미우새&#39; 슬리피, &#39;궁핍한이야기 Y&#39; 생활고 사연 먹먹...최고시청률 19.6%",싱글리스트,2019.11.25.,
830,&#39;미운 우리 새끼&#39; 슬리피의 생활고 고백…최고의 1분 19.6%,스포츠서울,2019.11.25.,네이버뉴스
831,[친절한 리뷰] &#39;미운우리새끼&#39; 슬리피의 생활고 고백…최고시청률 19.6% 기록,아시아투데이,2019.11.25.,
832,"&quot;남이 사준 소고기인데&quot;…슬리피의 생활고 고백, &#39;미우새&#39; 최고의 1분 &#39;19.6%&#39;",SBS funE,2019.11.25.,네이버뉴스
833,"&#39;미우새&#39; 슬리피, 생활고 고백 화제…시청률은 주춤",스포츠투데이,2019.11.25.,
834,&#39;미우새&#39; 슬리피 &quot;사람 많은 곳 못가&quot; 생활고 고백…최고의 1분 &#39;19.6%&#39;,엑스포츠뉴스,2019.11.25.,네이버뉴스
835,"“축의금도 부담스러워”...‘미우새’ 슬리피, 생활고 고백 ‘분당 최고 19.6%’",텐아시아,2019.11.25.,네이버뉴스
836,제27회 태백산 눈축제 별빛페스티벌 점등식,국제뉴스,2019.11.25.,
837,슬리피 고백 “지인이 사준 소고기에 ‘돈 없다더니’ 댓글 상처”(‘미우새’),매일경제,2019.11.25.,네이버뉴스
838,"&#39;미우새&#39; 슬리피, 생활고 고백…김건모♥장지연 결혼 비하인드 예고 &#39;日예능 1위&#39;",마이데일리,2019.11.25.,네이버뉴스
839,&quot;가난 콘셉트에 상처&quot;..&#39;미우새&#39; 슬리피 생활고 고백에 최고 19.6%,스타뉴스,2019.11.25.,네이버뉴스
840,&#39;미운우리새끼&#39; 슬리피의 &#39;궁핍한 이야기 Y&#39;..최고 시청률 19.6%,서울경제,2019.11.25.,네이버뉴스
841,"건보공단, 2019년 대한민국 광고대상 &#39;특별상&#39; 수상",데일리팜,2019.11.25.,
842,"슬리피 생활고 고백, 19.6% ‘미우새’ 최고의 1분",티브이데일리,2019.11.25.,
843,슬리피 생활고 고백…&quot;돈 없다더니 소고기 먹냐&quot; 악플까지,한국경제TV,2019.11.25.,네이버뉴스
844,정선읍 소재 애산산성 복원 사업 추진,국제뉴스,2019.11.25.,
845,"건보공단, 대한민국 광고대상 특별상 수상",메디칼업저버,2019.11.25.,
846,"‘한화家 장남’ 김동관, 경영 전면 나서나…연말 인사서 부사장 승진 유력",뉴스웨이,2019.11.25.,
847,김희철 첫사랑? &quot;DVD방서 자꾸 뽀뽀해 결별&quot;(&#39;미우새&#39;),데일리한국,2019.11.25.,
848,"&#39;미운우리새끼&#39; 슬리피, 솔직 고백에 최고 시청률 19.6% &quot;사람 많은 곳 잘 못가&quot;",스타데일리뉴스,2019.11.25.,
849,‘미우새’ 슬리피 생활고 고백 ‘최고의 1분’…“네티즌 댓글에 상처”,브릿지경제,2019.11.25.,
850,"건보공단, 2019년 대한민국 광고대상 &#39;특별상&#39; 수상",메디컬투데이,2019.11.25.,
851,"건보공단, 2019년 대한민국 광고대상 &quot;특별상&quot; 수상",서울와이어,2019.11.25.,
852,“DVD방에서...” 김희철이 첫사랑과 헤어진 이유,위키트리,2019.11.25.,
853,"김희철, 첫사랑과 헤어진 이유는?",머니S,2019.11.25.,네이버뉴스
854,김희철 최종학력 대학교는? 상지영서대학교…천정명 &quot;김희철과 같은 대학교&quot;,톱스타뉴스,2019.11.25.,
855,영월군 주거복지 사각지대 해소 총력,국제뉴스,2019.11.25.,
856,"&#39;맛남의 광장&#39; 백종원X김희철X양세형X김동준, 두 번째 &#39;맛남의 장소&#39;는?",톱데일리,2019.11.25.,
857,"김희철, 첫사랑과 결별한 진짜 이유 &quot;22살 때 만난 누나가…&quot;",세계일보,2019.11.25.,네이버뉴스
858,"김희철, 첫사랑과 헤어진 이유? “DVD방서 자꾸 뽀뽀해서”(‘미우새’)",매일경제,2019.11.25.,네이버뉴스
859,"김희철, 첫사랑 이별 사연은?..&quot;DVD방서 자꾸 뽀뽀하더라&quot;",디지털타임스,2019.11.25.,네이버뉴스
860,김희철 첫사랑 누구?,천지일보,2019.11.25.,
861,"김희철, 故구하라 비보 이후 SNS 팔로우 삭제→비공개 전환.. “입장 無”",한국일보,2019.11.25.,네이버뉴스
862,"김희철, 故구하라 비보에 &#39;SNS 팔로우 삭제→비공개 전환&#39;",스타뉴스,2019.11.25.,네이버뉴스
863,"김희철, 故 구하라 비보에 SNS 비공개 전환",머니S,2019.11.25.,네이버뉴스
864,"김희철, 설리·구하라 잇따른 비보에 SNS 비공개 전환·팔로우 &#39;0&#39; 삭제",이투데이,2019.11.25.,
865,김희철 인스타그램 비공개 전환에 네티즌 놀라 &quot;오빠 힘내세요&quot;...설리 고양이 고블린 입양설은?,금강일보,2019.11.25.,
866,"김희철 SNS 팔로우 삭제·비공개, 잇다른 비보 때문?",아시아뉴스통신,2019.11.25.,
867,&quot;김희철 소셜 계정 비공개가 기삿거리?&quot; 대중 불만 쇄도하는 이유는,뷰어스,2019.11.25.,
868,"김희철, 故 구하라 비보 후 SNS 계정 모두 비공개로 전환 &#39;왜?&#39;",아주경제,2019.11.25.,
869,제주 여성 합창단 &#39;레이디스콰이어&#39; 첫 정기연주회,제주의소리,2019.11.25.,
870,"커져가는 대중 불만, 왜?…&quot;김희철 소셜 계정 비공개가 기삿거리냐&quot;",울산종합일보,2019.11.25.,
871,"김희철, 故구하라 비보 후 SNS 비공개 전환…팔로우도 모두 삭제",브릿지경제,2019.11.25.,
872,"김희철, 故설리ㆍ故구하라 잇따른 비보에 SNS 비공개 전환",한강타임즈,2019.11.25.,
873,"김희철, 故구하라 사망 비보…돌연 팔로우 삭제·SNS 비공개 전환",더셀럽,2019.11.25.,
874,"&#39;미우새&#39; 김희철 &quot;첫 여친, DVD방서 자꾸 뽀뽀해서 헤어져&quot;",경기일보,2019.11.25.,
875,"건보공단, 2019년 대한민국 광고대상 &#39;특별상&#39; 수상",로이슈,2019.11.25.,
876,"김희철, 故구하라 비보에 돌연 SNS 비공개 전환·팔로우 삭제",뉴스컬처,2019.11.25.,
877,"건보공단, ‘대한민국 광고대상’에서 특별상 수상",브릿지경제,2019.11.25.,
878,"김희철, 팔로우 취소에 SNS 비공개 전환 … 소속사 “따로 밝힐 입장 없어”",국제신문,2019.11.25.,
879,&#39;제주&#39;와 &#39;가족의 힘&#39;을 노래하다,제주일보,2019.11.25.,
880,"설리 이어 구하라까지…김희철, 잇따른 비보에 SNS 비공개 전환",이데일리,2019.11.25.,네이버뉴스
881,"김희철, 故 구하라 비보에 SNS 비공개·팔로우 삭제",스포츠투데이,2019.11.25.,
882,"김희철, 故구하라 비보에 SNS 팔로우 삭제→비공개 전환",MBC연예,2019.11.25.,네이버뉴스
883,"김희철 SNS 팔로우 삭제·비공개, &#39;언니&#39;라 불렀는데 ..",충청리뷰,2019.11.25.,
884,김희철 &#39;노코멘트&#39;→허영지 &#39;일정중단&#39;…구하라 사망 앞 &#39;얄팍한&#39; 과잉 言,이투데이,2019.11.25.,
885,"김희철, 故 구하라 비보 후 SNS 계정 비공개 전환",MTN,2019.11.25.,
886,김희철·허영지 도마 올린 &#39;얄팍한&#39; 言…구하라 사망은 어떻게 소비되나,경남매일신문,2019.11.25.,
887,"절친 설리·구하라 잃은 김희철, SNS 계정 폐쇄…악플 소신 발언 &quot;선처 無·강경 대응 必&quot;",골프타임즈,2019.11.25.,
888,"김희철, 故구하라 비보에 SNS 팔로우 전체 삭제→비공개 전환",MK스포츠,2019.11.25.,네이버뉴스
889,"故 구하라 비보, AOA·엑소→크러쉬 일정 변경...슬픔 잠긴 연예계 [종합]",엑스포츠뉴스,2019.11.25.,네이버뉴스
890,"김희철, 故 구하라 비보에 SNS 계정 비공개·팔로우 삭제",엑스포츠뉴스,2019.11.25.,네이버뉴스
891,"탑, 故구하라 추모 &quot;마지막 메시지에 답장 못해 미안해, 편히 쉬길&quot;",스포츠서울,2019.11.25.,네이버뉴스
892,"슈주 김희철, 故구하라 비보에 SNS 팔로우 삭제→비공개 전환",스포츠조선,2019.11.25.,네이버뉴스
893,"故설리·구하라 떠나보낸 김희철, SNS 문 닫어…&quot;악플 선처 없이 강경한 대응 필요해&quot;",뉴스타운,2019.11.25.,
894,"김희철, 故 구하라 소식에 SNS 팔로우 삭제하고 비공개 전환",한스경제,2019.11.25.,
895,"김희철, &#39;절친&#39; 구하라·설리 사망에… SNS &#39;문 닫아&#39;",뉴데일리,2019.11.25.,
896,"김희철, 故구하라 비보에 SNS 팔로우 삭제→비공개 전환",스포츠서울,2019.11.25.,네이버뉴스
897,"탑, 김희철이 동료를 애도하는 방법 &#39;문자 공개 SNS CLOSE&#39;",더리더,2019.11.25.,
898,"‘빅뱅’ 탑, 故구하라와 마지막 나눈 메시지…일정 연기‧취소 동료들의 추모 물결",이투데이,2019.11.25.,
899,"건강보험공단, 공공기관 최초 &#39;광고대상 특별상&#39; 수상",약사공론,2019.11.25.,
900,[원주]건보공단 광고대상 특별상,강원일보,2019.11.26.,네이버뉴스
901,"김희철, 설리 이어 구하라까지 잇따른 비보에 SNS 비공개 전환...&#39;언니&#39;라고 부를 정도로 각별한 친분",뉴스인사이드,2019.11.26.,
902,&quot;제가 쓴 뮤지컬로 백석의 詩 더 많이 기억되길&quot;,조선일보,"<span class=""newspaper"">A27면",네이버뉴스
903,"&quot;범죄 혐의점 無&quot; 故 구하라, 부검 안 한다…팬 조문 26일 자정으로 단축 [종합]",엑스포츠뉴스,2019.11.26.,네이버뉴스
904,"&quot;범죄 혐의점 無&quot;…故 구하라, 부검 않기로→3일째 애도 물결 [종합]",엑스포츠뉴스,2019.11.26.,네이버뉴스
905,"태백시, 도시재생 포럼 개최",국제뉴스,2019.11.26.,
906,전국 최대 규모 디지털 핸즈온 ‘성황’,치과신문,2019.11.26.,
907,태백산국립공원 클라이밍 아카데미 운영,국제뉴스,2019.11.26.,
908,"김희철, 절친 故 구하라-설리 떠나보낸 후 인스타 비공개 전환·팔로우 삭제 왜?",톱스타뉴스,2019.11.26.,
909,"&#39;고 구하라 비보&#39; 컴백 앞둔 크러쉬·AOA·엑소, 잇따라 발매 연기 &#39;추모&#39;",브릿지경제,2019.11.26.,
910,태백 지역현안사업 추진 업무협약,국제뉴스,2019.11.26.,
911,“상태가 너무 걱정된다...” 김희철이 &#39;갑작스럽게&#39; 내린 결정,위키트리,2019.11.26.,
912,故 구하라 비보에 침통한 연예계… 컴백 연기·일정 취소 등 추모 물결,스포츠Q,2019.11.26.,
913,절친했던 구하라·설리 연이은 비보에 돌연 &#39;인스타 비공개&#39;로 전환한 김희철,인사이트,2019.11.26.,
914,"&quot;범죄 혐의점 無&quot; 故 구하라, 유족에 시신 인계...애도·추모물결 ing [종합]",엑스포츠뉴스,2019.11.26.,네이버뉴스
915,"&#39;미운 우리 새끼(미우새)&#39; 김희철, 인스타 속 &#39;여자보다 예쁜 미모&#39;…첫사랑과 헤어진 이유",톱스타뉴스,2019.11.26.,
916,[김희철의 문화 칼럼] 착각의 연속이 주는 웃음과 응원,교수신문,2019.11.26.,
917,&quot;현재 김희철과...&quot; &#39;SNS &#39;폐쇄&#39; 소식에 김희철 소속사가 밝힌 입장,위키트리,2019.11.26.,
918,˝미운우리새끼˝ 더불어 시원은 슈퍼주니어 멤버들은 김희철의 기분이~,인천일보,2019.11.27.,
919,&quot;미운 우리 새끼&quot; 잠시 후 김희철과 15년??,당진신문,2019.11.27.,
920,‘미운우리새끼’ 슈퍼주니어 비주얼 센터 최시원의 출연에 서장훈 신동엽은...?,농기자재신문,2019.11.27.,
921,면모를 밝혀...? 미운 우리 새끼,업코리아,2019.11.27.,
922,&quot;미운우리새끼&quot; 어머니는 시원을?,한국스포츠통신,2019.11.27.,
923,특히 같은 슈퍼주니어 멤버인 김희철의 어머니는 시원을...? “미운우리새끼”,폴리뉴스,2019.11.27.,
924,최시원은 숙소에서 김희철과 한...? &#39;미운우리새끼&#39;,충청매일,2019.11.27.,
925,최시원은 슈퍼주니어 멤버들은 김희철의 기분이 좋아지면 걱정한다며?? `미운 우리새끼`,블록체인밸리,2019.11.27.,
926,잠시 후 김희철과 15년 가까이 멤버로! &#39;미운 우리 새끼&#39;,경인매일,2019.11.27.,
927,어머니는 진땀을 흘려야?? &#39;미운 우리 새끼&#39;,말산업저널,2019.11.27.,
928,"피아노 연주, 특히 같은 슈퍼주니어 멤버인 김희철의 어머니는...",일간리더스경제,2019.11.27.,
929,"정선군, 국세·지방세 통합민원실 운영",국제뉴스,2019.11.27.,
930,"&#39;맛남의 광장&#39; 백종원-김희철-양세형-김동준, 강릉서 포착 &#39;농벤져스 in 강릉&#39;",스포츠조선,2019.11.27.,네이버뉴스
931,"‘맛남의 광장’ 백종원→김동준, 농벤져스 4인4색 티저",뉴스엔,2019.11.27.,네이버뉴스
932,"‘맛남의 광장’, ‘깔끔왕’ 김희철부터 ‘열혈 막내’ 김동준까지...농벤져스 탄생",텐아시아,2019.11.27.,네이버뉴스
933,"&#39;맛남의 광장&#39;, 일사천리 백대표→열혈 막내 김동준까지..매력 만점 농벤져스 4人",헤럴드POP,2019.11.27.,네이버뉴스
934,"‘맛남의 광장’ 양세형, 백종원 수제자 등극? 김희철×김동준 “점수 확실히 따겠다” 의욕 활활",스포츠경향,2019.11.27.,네이버뉴스
935,"&#39;맛남의광장&#39; 백종원·김희철·양세형·김동준, 4인 4색 매력 폭발 티저 공개",OSEN,2019.11.27.,네이버뉴스
936,"‘맛남의 광장’ 백종원-김희철-양세형-김동준, ‘농벤져스’ 결성",스포츠동아,2019.11.27.,네이버뉴스
937,"‘맛남의 광장’ 백종원→김동준, 강원도 옥계휴게소에서 영업 시작",티브이데일리,2019.11.27.,
938,[맛남의 광장] 4인 4색 매력 가득 티저 공개,전북일보,2019.11.27.,
939,"&quot;편히 잠들길&quot;...故 구하라, 가족·친지 배웅 속 영면→팬 위해 납골당 공개 [종합]",엑스포츠뉴스,2019.11.27.,네이버뉴스
940,"김동준, &#39;맛남의 광장&#39;서 열혈 막내로 활약...백종원과 황금케미 예고",싱글리스트,2019.11.27.,
941,"백종원X양세형X김희철X김동준, &#39;맛남의 광장&#39; 농벤져스를 소개합니다",SBS funE,2019.11.27.,네이버뉴스
942,"가수 &#39;수와진&#39;, 동해시 홍보대사에 위촉",국제뉴스,2019.11.27.,
943,"정선군, 지역골목상권 활성화 우수사례 발표대회 최우수상",국제뉴스,2019.11.27.,
944,"&#39;맛남의 광장&#39; 백종원→김동준까지, 4人4色 매력 가득 티저…&#39;의욕 활활&#39;",엑스포츠뉴스,2019.11.27.,네이버뉴스
945,"영월군, &#39;군민안전보험&#39; 가입 시행",국제뉴스,2019.11.27.,
946,&#39;맛남의 광장&#39; 백대표부터 ‘열혈 막내’ 김동준까지..&#39;농벤져스 in 강릉&#39;,서울경제,2019.11.28.,네이버뉴스
947,"&#39;미운 우리 새끼&#39;(미우새) 슈퍼주니어 김희철, 인스타그램 속 치즈버거 사랑…&#39;나이 들어도 애교 가득&#39;",톱스타뉴스,2019.11.28.,
948,정선군복지관. 청소년 위한 &#39;The fun한 클래식&#39; 개최,국제뉴스,2019.11.28.,
949,‘장윤정&amp;조항조 트로트 듀엣 송년콘서트’ 태백 공연,국제뉴스,2019.11.28.,
950,김강훈 &quot;평소 &#39;아는 형님&#39; 좋아해..이수근·김희철 재밌다&quot;(&#39;철파엠&#39;),헤럴드POP,2019.11.28.,네이버뉴스
951,"&#39;철파엠&#39; 필구 김강훈 &quot;드라마 촬영은 안 떨려, 라디오 출연 긴장&quot;",엑스포츠뉴스,2019.11.28.,네이버뉴스
952,"&#39;철파엠&#39; 필구 김강훈 &quot;공효진과 자주 연락, &#39;동백꽃&#39; 종영 아쉬워&quot;(ft.미쳤어) [종합]",엑스포츠뉴스,2019.11.28.,네이버뉴스
953,기업 체감경기 석달째 상승…비관론 여전,뉴스토마토,2019.11.28.,
954,"40여 회원들, 빛의 예술 속으로…",미주한국일보,2019.11.28.,
955,"태백시 부모모니터링단, 어린이집 운영상황 점검",국제뉴스,2019.11.28.,
956,"[김희철의 직업군인이야기](48) 고등군사반의 추억, 치열한 경쟁 속 소주잔의 행복",뉴스투데이,2019.11.28.,
957,&#39;철파엠&#39; 김강훈이 밝힌 &#39;동백꽃&#39; 뒷이야기...&quot;본명보다 필구가 편해&quot;,YTN,2019.11.28.,네이버뉴스
958,"&#39;철파엠&#39; 필구 김강훈, 출구없는 매력 &#39;발산&#39;…김영철 &#39;폭소&#39;",영남일보,2019.11.28.,
959,"&quot;공효진, 엄마만큼 좋아&quot;…&#39;철파엠&#39; 김강훈이 밝힌 #동백꽃필무렵 #필구 #옹산♥ [종합]",스포츠조선,2019.11.28.,네이버뉴스
960,김강훈 “옹산에 있어야 할 것 같다 김강훈으로 돌아와 아쉽다”,국제신문,2019.11.28.,
961,2019 영월군 평생학습 나눔콘서트 개최,국제뉴스,2019.11.28.,
962,수목드라마 시청률 순위 급변? 몇부작 안 남은 시크릿부티크↑하자있는 인간들↓ 후속들도 몰려와,하빗슈,2019.11.28.,
963,"정선군, 고추 공동선별장 준공식 개최",국제뉴스,2019.11.28.,
964,"“데뷔 30주년” 박재정→권진아, 서태지 안 부러운 김현철의 아이들(종합)",뉴스엔,2019.11.28.,네이버뉴스
965,"태백시, 광물자원 산업화 특화단지조성 대상지역 선정",국제뉴스,2019.11.28.,
966,"나흥주 강원도지사 교육특별보좌관, 교육발전 유공 대통령 표창",국제뉴스,2019.11.28.,
967,[인사] 방송통신심의위원회,ZDNet Korea,2019.11.28.,네이버뉴스
968,[인사] 방송통신심의위원회,아이뉴스24,2019.11.28.,네이버뉴스
969,[인사]방송통신심의위원회,머니투데이,2019.11.28.,네이버뉴스
970,[인사] 방송통신심의위원회,뉴시스,2019.11.28.,네이버뉴스
971,"케이블카 타고 북항·유달산 찍고 고하도, 아따 멋져브러∼[Weekend 레저]",파이낸셜뉴스,"<span class=""newspaper"">22면",네이버뉴스
972,&#39;미운우리새끼&#39; 고깃집을 찾아,경상일보,2019.11.29.,
973,[인사]방송통신심의위원회,이데일리,2019.11.29.,네이버뉴스
974,`미운 우리 새끼` 20대 시절 단골~,농기자재신문,2019.11.29.,
975,&quot;미운우리새끼&quot; 사장님은 20여년 만에 재회했다?,일간리더스경제,2019.11.29.,
976,&#39;미운우리새끼&#39; 밤나무가 많은?,sbn뉴스,2019.11.29.,
977,"베리굿 조현, 슈퍼주니어 김희철과 인증샷 &quot;게임 천재&quot;",스타뉴스,2019.11.29.,네이버뉴스
978,"태백시, 행안부 행정서비스 공동생산 우수사례 공모전 &#39;우수상&#39;",국제뉴스,2019.11.29.,
979,[인사] 방송통신심의위원회,충청리뷰,2019.11.29.,
980,[인사] 방송통신심의위원회,중부일보,2019.11.29.,
981,"정선군, 불법 소각행위 집중단속",국제뉴스,2019.11.29.,
982,&lt;인사&gt; 방송통신심의위원회,파이낸셜뉴스,2019.11.29.,네이버뉴스
983,[인사] 방송통신심의위원회,방송기술저널,2019.11.29.,
984,인천시 사회적경제 한마음워크숍 개최,인천뉴스,2019.11.29.,
985,2019강원도 지질공원해설사 경연대회,국제뉴스,2019.11.29.,
986,"정선군, 국세·지방세 통합민원실 개소식",국제뉴스,2019.11.29.,
987,[인사] 방송통신심의위원회 외,독서신문,2019.11.29.,
988,"‘맛남의 광장’ 백종원 등 4인방, 12월 2일 영천휴게소서 장사 개시",텐아시아,2019.11.29.,네이버뉴스
989,‘맛남의 광장’ 측 “영천 휴게소서 3번째 장사 개시”,뉴스엔,2019.11.29.,네이버뉴스
990,"&#39;맛남의 광장&#39; 세번째 장소는 영천휴게소, 2일 영천에서 만나요",조이뉴스24,2019.11.29.,
991,"&#39;맛남의 광장&#39; 백종원→김희철, 영천휴게소 뜬다…세번째 장소 확정",엑스포츠뉴스,2019.11.29.,네이버뉴스
992,&#39;맛남의 광장&#39; 세 번째 장소는 경북 영천…영천의 특산물은?,스포츠서울,2019.11.29.,네이버뉴스
993,‘맛남의 광장’ 세 번째 장소는 경북 영천 휴게소...특산물은?,마이데일리,2019.11.29.,네이버뉴스
994,"&#39;맛남의 광장&#39; 백종원→김희철, 2일 영천휴게소 접수...특산물 신메뉴 기대UP",싱글리스트,2019.11.29.,
995,[김희철의 전쟁사](16) 중공군 입장에서 본 한국전쟁(비호산 전투)과 맥아더의 오판,뉴스투데이,2019.11.29.,
996,&quot;사회가 주입한 잘못된 욕망 꼬집고 싶었다&quot;…종영 &#39;시크릿부티크&#39;가 남긴 것,SBS funE,2019.11.29.,네이버뉴스
997,"&#39;맛남의광장&#39; 백종원X김희철X양세형X김동준, 경북 영천휴게소 뜬다",OSEN,2019.11.29.,네이버뉴스
998,"세 번째 &#39;맛남의 광장&#39;은 영천휴게소…백종원·김희철·양세형·김동준, 12월 2일 장사 개시",SBS funE,2019.11.29.,네이버뉴스
999,[인사]외교부 외,한국일보,"<span class=""newspaper"">25면1단</span>",네이버뉴스
1000,[인사] 외교부 外,파이낸셜뉴스,"<span class=""newspaper"">18면1단</span>",네이버뉴스
1001,[인사] 신세계그룹 / 현대백화점그룹 / 과학기술정보통신부 등,매일경제,"<span class=""newspaper"">A25면1단</span>",네이버뉴스
1002,"&#39;맛남의 광장&#39; 백종원→김희철, 경북 영천휴게소 뜬다…내달 2일 촬영",YTN,2019.11.29.,네이버뉴스
1003,11월 30일 인사,한겨레,2019.11.29.,네이버뉴스
1004,"인천사회적경제지원센터, 사회적경제 기업 6곳에 표창",인천투데이,2019.11.29.,
1005,"‘맛남의 광장’, 12월 2일 경북 영천에서 ‘세 번째 장사’ 시작",TV리포트,2019.11.29.,네이버뉴스
1006,[11월 29일 인사] 외교부·태영건설 外,뉴스투데이,2019.11.29.,
1007,[인사] 감사원 외,세계일보,"<span class=""newspaper"">A16면1단</span>",네이버뉴스
1008,[오늘의 인사]신세계그룹 외교부 한국원자력연구원 外,미디어펜,2019.11.29.,
1009,"최자, 故설리, 나이? 결별 이유? &#39;먹고자고하고&#39; 19금 가사? &quot;유희열의 스케치북→외로운 노래 좋아해&quot;",하빗슈,2019.11.30.,
1010,사람들 생각과 달랐던 승부사 &#39;모모랜드&#39; 연우 탈퇴 결정,경남매일신문,2019.11.30.,
1011,[인사] 외교부 외,조선일보,"<span class=""newspaper"">A29면1단</span>",네이버뉴스
1012,"&#39;맛남의 광장&#39; 백종원, 양세형 메뉴에 감탄...김희철 &quot;나도 점수 확실히 딴다&quot;",말산업저널,2019.11.30.,
1013,[인사] 방송통신심의위원회,이코노뉴스,2019.11.30.,
1014,했는데 보통 천사가 아니다라고 했다? 그대와 나 영원히♥,말산업저널,2019.11.30.,
1015,태백산국립공원에 오토캠핑장 들어선다,국제뉴스,2019.11.30.,
1016,"‘아는형님’ 박진영, 트와이스 대동해 “덕 좀 볼 수 있지”[오늘TV]",뉴스엔,2019.11.30.,네이버뉴스
1017,"[투데이TV]&#39;아는형님&#39; 박진영vs김영철, 뜻밖의 라이벌 구도...가수로서 신곡전쟁",헤럴드POP,2019.11.30.,네이버뉴스
1018,"‘아는 형님’ 박진영, “자식이 잘 되면 덕 좀 볼 수 있지”",한국일보,2019.11.30.,네이버뉴스
1019,"&#39;아는 형님&#39; 박진영 vs 김영철, 뜻밖의 신곡 전쟁…라이벌 구도",스포츠조선,2019.11.30.,네이버뉴스
1020,"&#39;아는형님&#39; 박진영vs김영철, 신곡 경쟁으로 뜻밖의 라이벌 구도",엑스포츠뉴스,2019.11.30.,네이버뉴스
1021,"&#39;아는형님&#39; 박진영 VS 김영철, 뜻밖의 라이벌 구도로 신곡 전쟁",일간스포츠,2019.11.30.,네이버뉴스
1022,"김희철, 구하라-설리 사망 이후 인스타 비공개 전환 &quot;습관적 청혼&quot; 재조명 뭉클",데일리시큐,2019.11.30.,
1023,&#39;미우새&#39; 김희철 친구가 언급한 러브장이란?,금강일보,2019.11.30.,
1024,"&#39;아는 형님&#39; 박진영, 김영철과 &#39;뜻밖의&#39; 라이벌 구도?…&quot;인정&quot;",JTBC,2019.11.30.,네이버뉴스
1025,"박진영, 김영철과 라이벌 구도? “이기려 하다 보니..”",서울신문,2019.11.30.,네이버뉴스
1026,"&#39;미우새&#39; 김희철 母 &quot;최시원은 완벽, 비주얼은 김희철&quot;",아시아뉴스통신,2019.11.30.,
1027,"박진영VS김영철, 뜻밖의 라이벌 구도? &quot;가요계 김영철, 유산슬, JYP 뜬다&quot;(`아는형님`)",매일경제,2019.11.30.,네이버뉴스
1028,"`아는형님` 박진영, 김영철과 라이벌 구도→뜻밖의 신곡 전쟁 [MK★TV컷]",MK스포츠,2019.11.30.,네이버뉴스
1029,&#39;아는형님&#39; 박진영 &quot;자식이 잘 되면 덕 좀 볼 수 있지&quot;,AI타임스,2019.11.30.,
1030,"‘아는형님’ 박진영, 김영철과 뜻 밖의 신곡 전쟁",티브이데일리,2019.11.30.,
1031,"아는형님, 박진영·트와이스 나연&amp;다현 출연! 박진영 &quot;자식이 잘 되면 덕 좀 볼 수 있지&quot;",한국강사신문,2019.11.30.,
1032,"&#39;아는 형님&#39; 박진영 &#39;FEVER&#39; 로 컴백, 뜻밖의 김영철, 유산슬과 라이벌 구도",한국경제,2019.11.30.,네이버뉴스
1033,"‘아는형님’ 박진영 “Miss A 꺾고 1위, 미소 못 숨겼다” 1위 욕심",헤럴드POP,2019.11.30.,네이버뉴스
1034,"&#39;아는 형님&#39; 김희철, 박진영에 &quot;김영철에 비해 무대 여유 없어 보여&quot;",더셀럽,2019.11.30.,
1035,"&#39;아는형님&#39; 207회, &quot;우리가 어디가 웃긴데?&quot; 나연+다현+JYP 3인3색! ...최초로 박진영 &#39;FEVER&#39;와 김영철 &#39;신호등&#39; 무대 동시 공개 (1)",톱스타뉴스,2019.11.30.,
1036,"&#39;아는형님&#39; 박진영 &quot;트와이스 나연, 실물 보면 놀란다...정말 예뻐&quot;",텐아시아,2019.11.30.,네이버뉴스
1037,"&#39;아는형님&#39; 207회, 박진영 &#39;FEVER&#39; MV에 배우 조여정 출연! 박진영의 작곡 비법 대공개 ...&quot;진짜 이사 되겠는데?&quot; 다현 사회생활 만렙! (2)",톱스타뉴스,2019.11.30.,
1038,"[종합] &#39;아는형님&#39; 207회, &quot;나 닮은 배우-디카프리오&quot; JYP 정답에 충격! ...&quot;뇌가 조금 특이해&quot; 박진영의 신체 비밀은? 뮤지컬 같은 박진영 신곡 &#39;FEVER&#39; MV 대공개!",톱스타뉴스,2019.11.30.,
1039,&#39;아형&#39; 나연x다현 지원사격→JYP수장 박진영 춤꾼의 귀환[종합],OSEN,2019.11.30.,네이버뉴스
1040,"&#39;아형&#39; 박진영, 뇌 경동맥 기형 고백…나연X다현 &#39;환상의 예능 호흡&#39;[종합]",스포츠조선,2019.11.30.,네이버뉴스
1041,"&quot;진영아 이 바보야!&quot;…&#39;아형&#39; 다현X나연, 박진영 지원사격 &#39;예능감 폭발&#39; [종합]",엑스포츠뉴스,2019.11.30.,네이버뉴스
1042,"[종합] `아는 형님` 박진영X나연X다현, JYP 예능 에이스 출격",매일경제,2019.11.30.,네이버뉴스
1043,&#39;아는 형님&#39; JYP 3인방의 넘치는 예능감…&#39;박진영 잡는 다현&#39;,뉴스1,2019.11.30.,네이버뉴스
